Equipment Fault Number & Desc,Equipment Short Name,Count of Faults,Duration
128 - CN MACHINE NOT IN AUTO (128),2/12 Packer,6450,14600.36667
596 - MP L SHAPED CARTON (596),Maxim Packer,6351,9529.6
79 - FL CAN STOP NOT IN AUTO (79),FILLER,5315,7751.433333
674 - FL FILLER IS NOT RUNNING (674),FILLER,3382,12341.01667
595 - AL3-LANE B FLR INFD INVERTED END DETECT (595),ALF V-TRAY,3057,3738.55
594 - AL3-LANE A FLR INFD INVERTED END DETECT (594),ALF V-TRAY,2998,3096.033333
0 - PL1-CS-M MAIN E-STOP PUSHED ALARM (0),PALLETIZER 1,2966,17987.9
148 - CJ HMU NOT READY FAULT (148),12/12 Packer,2885,1170.1
545 - DP SHEET RAKE DID NOT RAISE (545),DEPALLETIZER,2874,3019.15
418 - CJ FALLEN CAN FAULT (418),12/12 Packer,2391,13796.68333
31 - SW1-CONTROL POWER IS OFF (31),STRETCH WRAP 1,2185,45341.75
589 - MP LOW CARTON SUPPLY FAULT (589),Maxim Packer,2092,3229.75
597 - MP MISSING CARTON (597),Maxim Packer,2025,2854.8
661 - CL SEAMER INTERNAL JAM LS PNLVW ALM (661),SEAMER,2005,6466.933333
572 - SW1-BROKEN FILM DETECTED (572),STRETCH WRAP 1,2000,3581.95
657 - CL SEAMER DISCHARGE TABLE JAM PX10L30714(657),SEAMER,1938,7568.366667
562 - RS WEST(RIGHT) LANE RINSER JAM (562),RINSER,1866,1919.133333
419 - CJ LASER CODER FAULT (419),12/12 Packer,1859,16741.21667
37 - MP GUARD DOOR 1 OPEN (37),Maxim Packer,1857,1029.6
66 - AL2-LID DEPALL NOT IN AUTO MODE (66),ALF LID DEPAL,1737,9348.516667
112 - MP FALLEN CAN LOWER TIER LANE 1 (112),Maxim Packer,1585,39369.66667
40 - MP GUARD DOOR 4 OPEN (40),Maxim Packer,1473,2122.083333
572 - FC1-EAST COMBINER JAM FAULT (572),FULL CAN 1,1425,1626.35
31 - SW2-CONTROL POWER OFF (31),STRETCH WRAP 2,1318,45553.71667
67 - AL2-LID DEPALL NOT IN AUTO START MODE (67),ALF LID DEPAL,1309,7876.866667
563 - RS EAST(LEFT) LANE RINSER JAM (563),RINSER,1216,1106.116667
424 - CN TRANSFER FAULT (424),2/12 Packer,1195,4864.616667
588 - MP SLIP SHEET MISSING (588),Maxim Packer,1182,1526.2
0 - PL2-CS-M MAIN E-STOP PUSHED ALARM (0),PALLETIZER 2,1171,14315.2
640 - AL2-PACK ELEVATOR JAM (640),ALF LID DEPAL,1094,3773.666667
575 - AL LANE A/B LOWER SHUTTER NOT FULL FLT (575),ALF DEBAGGER,1055,2453.216667
564 - FC1-FILTEC 3&4 LANE JAM (564),FULL CAN 1,1007,2814.033333
417 - CJ OPEN FLAP FAULT (417),12/12 Packer,974,6190.733333
41 - MP GUARD DOOR 5 OPEN (41),Maxim Packer,966,1416.85
614 - PS HOT ZONE LOW TEMP FAULT (614),PASTEURIZER,966,446.05
771 - MP DEL BELT DWN CYCLE STOP AUTO RESTART (771),Maxim Packer,938,2303
634 - BP FILLER GATE NOT ENABLED FROM BREWING (634),BEER PIPE,922,1700.416667
603 - MP INCOMPLETE GLUE PATTERN AT DISCHARGE (603),Maxim Packer,890,3743.3
123 - MP FALLEN CAN UPPER TIER LANE 6 (123),Maxim Packer,861,1263.033333
707 - RS EAST & WEST LANES (12OZ) LOW WTR FLW (707),RINSER,841,158.2333333
608 - RS FOREIGN LIQUID ALARM WEST LANE (608),RINSER,825,523.4833333
448 - MP AXIS2 FLAP CLOSER (OS) SERVO FAULT (448),Maxim Packer,805,1541.3
594 - MP UPR TIER SHORT COUNT DETECT (594),Maxim Packer,796,1143.633333
609 - RS FOREIGN LIQUID ALARM EAST LANE (609),RINSER,792,347.95
39 - MP GUARD DOOR 3 OPEN (39),Maxim Packer,749,2048.7
1 - PL1-CS-DC DISCHARGE E-STOP PUSHED ALARM (1),PALLETIZER 1,745,9344.033333
864 - MP AXIS5 CARTON FEED SERVO FAULT (864),Maxim Packer,719,1640.6
572 - SW2-BROKEN FILM DETECTED (572),STRETCH WRAP 2,714,1973.3
1714 - MP AXIS 2 TORQUE OVERLOAD FAULT (1714),Maxim Packer,672,1699.016667
547 - DP FRAME REMOVER DID NOT RAISE (547),DEPALLETIZER,670,441.2333333
758 - AL2-LID DEPALL CYCLE PROCESS FAULT (758),ALF LID DEPAL,670,4271.716667
755 - CN DISCHARGE BACKUP (755),2/12 Packer,668,19170.06667
798 - MP LOW PRIME (798),Maxim Packer,637,6835.133333
100 - DC2-AC-12 NOT IN AUTO MODE (100),WOOD OUT,609,10322.4
656 - RS CAN GAP AT FILLER INFEED (656),RINSER,609,48165.38333
687 - FL MTBF ACTIVE EVENT WARNING (687),FILLER,606,42743.96667
590 - MP DIVERTER JAM CYCLE STOP (590),Maxim Packer,595,1041
598 - AL DEBAGGER LANE A DISCHARGE JAM (598),ALF DEBAGGER,564,1508.816667
512 - DP SHEET NOT DETECTED (512),DEPALLETIZER,545,2064.25
122 - MP FALLEN CAN UPPER TIER LANE 5 (122),Maxim Packer,544,698.0833333
768 - CJ INTERNAL CYCLE STOP (768),12/12 Packer,531,231.0666667
560 - PL1-LOAD OUT OF PLUMB (560),PALLETIZER 1,528,1346.033333
575 - PL1 HOIST BLOCK IS OUT OF POSITION (575),PALLETIZER 1,526,12684.38333
64 - DP MACHINE NOT IN AUTO (64),DEPALLETIZER,526,3711.466667
599 - AL DEBAGGER LANE B DISCHARGE JAM (599),ALF DEBAGGER,517,1246.4
44 - MP GUARD DOOR 8 OPEN (44),Maxim Packer,515,310.6
572 - MP 3 CONSECUTIVE OPEN OUTER FLAPS (572),Maxim Packer,502,895.0166667
569 - SW1-CARRIAGE IS NOT AT HOME (569),STRETCH WRAP 1,494,37.56666667
51 - AL2-MAIN LIFT LIGHT CURTAIN BROKEN (51),ALF LID DEPAL,492,6802.133333
146 - CJ MISSING CARTON (146),12/12 Packer,486,694.2833333
704 - RS WEST RINSER WATER PRESSURE LOW (704),RINSER,477,256.4333333
775 - MP REJECT CONVEYOR FULL (775),Maxim Packer,462,2654.383333
670 - DP CHPPR FEEDING NOT COMPLTE FROM MN PV (670),DEPALLETIZER,449,1579.216667
564 - AL LANE B NO ENDS PRESENT (564),ALF DEBAGGER,443,357.7166667
582 - DB1-CARTON TURNER JAM AT MT10DB 21 (582),DELIVERY BELT 1,431,826.2333333
560 - DC2-GENERAL BCR FAULT (560),WOOD OUT,429,4576.866667
22 - PL1-E-9C SAFETY EYE IS BLOCKED (22),PALLETIZER 1,426,334.6333333
114 - MP FALLEN CAN LOWER TIER LANE 3 (114),Maxim Packer,419,621.2833333
426 - PL2 CS-M INFEED OFF/ON SWITCH TURNED OFF (426),PALLETIZER 2,411,1883.633333
23 - PL1-E-9D SAFETY EYE IS BLOCKED (23),PALLETIZER 1,409,2074.933333
576 - PL2-HOIST BLOCK IS OUT OF POSITION (576),PALLETIZER 2,407,9420.666667
96 - DP CONVEYORS NOT IN AUTO (96),DEPALLETIZER,403,10979.16667
140 - FC1-TT10F-1 & 12 NOT IN AUTO CST10P2 (140),FULL CAN 1,390,2362.633333
570 - PL2-LOW AIR DETECTED ALARM (570),PALLETIZER 2,384,11286.83333
116 - MP FALLEN CAN LOWER TIER LANE 5 (116),Maxim Packer,383,622.5166667
562 - AL LANE A NO ENDS PRESENT (562),ALF DEBAGGER,383,315.4833333
577 - FC1 WEST COMBINER PAN FULL (577),FULL CAN 1,373,630.75
566 - RS WEST (RIGHT) LN TWIST COMBINER JAM (566),RINSER,369,196.1666667
591 - PS LOG OUT @ DISCHARGE RESET @ CST-P2 (591),PASTEURIZER,369,1177.633333
794 - EC VIDEO JET CODER B ENCODER/DET FAULT (794),EMPTY CAN,343,5946.2
117 - MP FALLEN CAN LOWER TIER LANE 6 (117),Maxim Packer,335,376.7833333
9030 - Runout Complete - Begin Interface dump,FILLER,327,1197.6
9010 - AutoBrand Change Initiated,FILLER,326,2681.6
120 - MP FALLEN CAN UPPER TIER LANE 3 (120),Maxim Packer,321,619.1666667
560 - FC1-FILTEC 1&2 LANE JAM (560),FULL CAN 1,318,981.4333333
578 - DB1-MERGE JAM ON 24 (578),DELIVERY BELT 1,318,372.2666667
9050 - AutoBrand Change Complete,FILLER,316,5.266666667
9040 - Dump Complete - wait on acknowledge,FILLER,314,674.2166667
34 - CJ CARTON FEED GUARD OPEN (34),12/12 Packer,312,420.0333333
583 - DB1-JAM AT MAXIM PKR INCLINE DB1-27 (583),DELIVERY BELT 1,309,191.4
577 - PS DISCHARGE BACKUP LOWER DECK FAULT (577),PASTEURIZER,307,1228.566667
426 - CJ FUMEX DIFF. PRESSURE FAULT (426),12/12 Packer,305,4616.3
593 - MP UPR TIER 2 CONSCTV SHORT CNTS DETECT (593),Maxim Packer,300,673.7666667
0 - CJ E-STOP PRESSED (0),12/12 Packer,298,79.03333333
9020 - Brewing Complete - Begin runout,FILLER,294,4.9
625 - AL2-PALLET POSITION CYLINDER MOTION (625),ALF LID DEPAL,292,781.4833333
602 - MP LASER CODER NOT READY (602),Maxim Packer,291,446.5666667
65 - AL DEBAGGER NOT IN AUTO START (65),ALF DEBAGGER,289,843.7833333
565 - PL2-PALLET MISFEED ALARM (565),PALLETIZER 2,287,1398.816667
566 - FC1-FILTEC 3&4 ONE FILTEC FAULTED (566),FULL CAN 1,281,245.5833333
38 - MP GUARD DOOR 2 OPEN (38),Maxim Packer,277,738.1
9049 - AutoBrand Change Aborted,FILLER,274,789.4
160 - PL1-RACK 7 1ST 1/4 FLT MAIN REDIPANEL1 (160),PALLETIZER 1,269,7212.1
560 - PL2-LOAD OUT OF PLUMB (560),PALLETIZER 2,261,842.7333333
146 - CN MISSING CARTON (146),2/12 Packer,259,326.9166667
144 - CJ MISSING LOAD (144),12/12 Packer,256,6.966666667
488 - FC1-VSD10F-9 FAULTED (488),FULL CAN 1,249,996.7
562 - FC1-FILTEC 1&2 ONE FILTEC FAULTED (562),FULL CAN 1,249,8365.083333
1 - PL2-CS-DC DISCHARGE E-STOP PUSHED ALARM (1),PALLETIZER 2,244,3510.7
"579 - MP RUNOUT IN PROGRESS ALIGN CANS, INFEED(579)",Maxim Packer,241,193.55
32 - CJ DRYING CONVEYOR GUARD OPEN (32),12/12 Packer,238,346.95
433 - CJ SHORT COUNT DETECTED (433),12/12 Packer,238,610.9
574 - MP FC COMBINER OFF @ MAXIM (CST-2 INFD) (574),Maxim Packer,237,787.1666667
20 - PL1-E-9A SAFETY EYE IS BLOCKED (20),PALLETIZER 1,236,3480.75
705 - RS EAST RINSER WATER PRESSURE LOW (705),RINSER,233,16.38333333
25 - PL2-E-9F SAFETY EYE IS BLOCKED (25),PALLETIZER 2,232,2291.066667
18 - PL1-PX-GS1 SAFETY GATE #1 OPEN (18),PALLETIZER 1,227,421.65
570 - PL1-LOW AIR DETECTED ALARM (570),PALLETIZER 1,220,4963.116667
569 - FC1-WEST COMBINER JAM FAULT (569),FULL CAN 1,219,348.0333333
576 - FC1 EAST COMBINER PAN FULL (576),FULL CAN 1,216,361.1166667
34 - CN CARTON FEED GUARD OPEN (34),2/12 Packer,214,199.3833333
560 - DB2-DIVERTER 44/49 JAMMED IN AUTO - NORTH(560),DELIVERY BELT 2,214,793.25
22 - PL2-E-9C SAFETY EYE IS BLOCKED (22),PALLETIZER 2,213,464.15
45 - MP GUARD DOOR 9 OPEN (45),Maxim Packer,213,191.7
32 - AL DEBAGGER INFEED GUARDS OPEN (32),ALF DEBAGGER,211,7210.716667
23 - PL2-E-9D SAFETY EYE IS BLOCKED (23),PALLETIZER 2,206,1710.583333
416 - CN DISCHARGE JAM (416),2/12 Packer,203,354.4
611 - MP DOWN CAN AT LOWER TIER STAR #1 (611),Maxim Packer,203,3726.6
566 - FL DISCHARGE JAM (566),FILLER,201,324.15
584 - MP MISSING TRANSPORT LUG ON LOADER SIDE (584),Maxim Packer,200,195.4333333
657 - MP PHS-CARTON PLT STATION 2 ROLLERS JAM (657),Maxim Packer,199,1300.9
509 - DP LOAD RAISED TOO HIGH (509),DEPALLETIZER,198,227.4333333
427 - CJ FALLEN CAN LANE 1 (427),12/12 Packer,196,2883.333333
43 - MP GUARD DOOR 7 OPEN (43),Maxim Packer,196,324.4
55 - AL2-MAIN LIFT REAR DOOR SWITCH OPEN (55),ALF LID DEPAL,195,938.0333333
33 - CJ GLUE STATION GUARD OPEN (33),12/12 Packer,194,191.6666667
35 - CJ TRANSFER GUARD OPEN (35),12/12 Packer,190,199.5333333
48 - MP GUARD DOOR 12 OPEN (48),Maxim Packer,187,211.5
561 - DB2-DIVERTER 44/49 JAMMED IN AUTO - SOUTH(561),DELIVERY BELT 2,186,1861.583333
421 - PL1-E-Z2S BLOCKED TOO LONG ALARM (421),PALLETIZER 1,185,127.2666667
511 - FC1-BLR10F-9 DEVICE FAULT (511),FULL CAN 1,185,242.95
565 - PL1-PALLET MISFEED ALARM (565),PALLETIZER 1,183,413.7333333
141 - FC1-EAST COMBINER NOT IN AUTO CST10F9 (141),FULL CAN 1,178,1399.55
144 - CN MISSING LOAD (144),2/12 Packer,176,93.85
160 - PL2-RACK 7 1ST 1/4 FLT MAIN REDIPANEL1 (160),PALLETIZER 2,176,4887.7
579 - PS DISCHARGE BACKUP UPPER DECK FAULT (579),PASTEURIZER,172,534.6
144 - FC1-WEST COMBINER NOT IN AUTO CST10F20 (144),FULL CAN 1,170,2005.7
118 - MP FALLEN CAN UPPER TIER LANE 1 (118),Maxim Packer,166,162.1666667
21 - PL1-E-9B SAFETY EYE IS BLOCKED (21),PALLETIZER 1,163,1500.816667
430 - PL2 HIGH FLAP TURNED INFEED OFF (430),PALLETIZER 2,163,3385.816667
35 - MP GUARD DOOR 20 OPEN (35),Maxim Packer,161,422.1333333
64 - AL DEBAGGER NOT IN AUTO MODE (64),ALF DEBAGGER,159,155.9333333
658 - CL DISCHARGE HOLD DOWN BAR LS PNLVW ALM (658),SEAMER,159,524.05
113 - MP FALLEN CAN LOWER TIER LANE 2 (113),Maxim Packer,153,253.0333333
115 - MP FALLEN CAN LOWER TIER LANE 4 (115),Maxim Packer,153,322.1833333
467 - DP MESH BELT FAULT (467),DEPALLETIZER,153,9891.683333
510 - DP LIGHT CURTAIN BLOCKED (510),DEPALLETIZER,150,2772.65
614 - AL2-PAPER ROLLER CYLINDER MOTION (614),ALF LID DEPAL,149,83.08333333
667 - CL FLR/SEAMER XFER CONV LIMIT SW PNLVW (667),SEAMER,148,2446.416667
597 - AL LANE B DEBAGGER DISCHARGE NO CAN LID (597),ALF DEBAGGER,142,357.6333333
25 - PL1-E-9F SAFETY EYE IS BLOCKED (25),PALLETIZER 1,137,96.75
417 - CN OPEN FLAP FAULT (417),2/12 Packer,137,4585.133333
420 - PL1-LAYER PUSHER RAN TOO LONG ALARM (420),PALLETIZER 1,134,267.9166667
42 - MP GUARD DOOR 6 OR 6A OPEN (42),Maxim Packer,133,216.3166667
560 - DC1-DISCHARGE CONVEYOR #3 FAULT (560),DUNNAGE,133,45328.61667
421 - CJ LOADER FAULT (421),12/12 Packer,132,3062.666667
119 - MP FALLEN CAN UPPER TIER LANE 2 (119),Maxim Packer,130,2303.5
432 - DB1-EE10DB-6-A DIVERTER JAM EYE NOT CLEAR(432),DELIVERY BELT 1,129,855.75
419 - PL1-E-2J BLOCKED TOO LONG ALARM (419),PALLETIZER 1,127,112.8166667
587 - MP LOADING JAM (587),Maxim Packer,127,256.8166667
33 - CN GLUE STATION GUARD OPEN (33),2/12 Packer,125,206.5166667
101 - DC2-AC-14 NOT IN AUTO MODE (101),WOOD OUT,120,1061.95
573 - AL END HOLDUP TRAVEL CYLINDER MOTION (573),ALF DEBAGGER,116,572.4333333
425 - CN FLAPSTAR FAULT (425),2/12 Packer,115,339.4
65 - PS PASTEURIZER STOPPED (65),PASTEURIZER,111,5388.033333
16 - AL2-LID DEPALL CONTROL POWER OFF (16),ALF LID DEPAL,108,8379.316667
64 - MP PALLET STACKER NOT IN AUTO (64),Maxim Packer,108,999.8
591 - MP LOWER TIER FALLEN CAN STOP MACHINE (591),Maxim Packer,106,1346.2
118 - DB1-MT10DB-28 STOPPED BUT AUX CONTACT CLOSED(118),DELIVERY BELT 1,105,71.81666667
35 - CN TRANSFER GUARD OPEN (35),2/12 Packer,103,89.38333333
666 - CL SEAMER HANDWHL ENGAGED LS PNLVW ALM (666),SEAMER,103,4634.283333
147 - CJ MISSING CARTON AT MAGAZINE (147),12/12 Packer,101,135.9833333
24 - PL2-E-9E SAFETY EYE IS BLOCKED (24),PALLETIZER 2,100,1489.033333
495 - DB1-MT10DB-23 MOTOR FAULT (495),DELIVERY BELT 1,100,497.0166667
432 - PL1 PUSHER RAN TOO LONG IN HIGH SPEED (432),PALLETIZER 1,98,138.2833333
595 - MP DISCHARGE JAM (595),Maxim Packer,98,242.2166667
164 - PL1-RACK 10 1ST 1/4 FLT DSCH CNV REDIPNL (164),PALLETIZER 1,94,2167.216667
175 - FC1 BLOWER 7 PAST. DISCH IS NOT RUNNING (175),FULL CAN 1,94,602.9
576 - AL LANE A LID SWEEP CYLINDER MOTION (576),ALF DEBAGGER,93,226.55
481 - DP SWEEP DRIVE FAULTED (481),DEPALLETIZER,91,2022.433333
613 - AL2-PACK PUSHER CYLINDER MOTION (613),ALF LID DEPAL,91,808.7166667
24 - PL1-E-9E SAFETY EYE IS BLOCKED (24),PALLETIZER 1,89,1140.1
423 - CJ CARTON FEED RAISED FAULT (423),12/12 Packer,88,877.2666667
594 - FL BOWL LEVEL DROP DETECTED-STUCK VALVE (594),FILLER,88,421.0166667
633 - BP FL GATE NOT ENABLED FROM BREWIN-NO DT(633),BEER PIPE,88,124.4
665 - CL SEAMER WASH VLV NOT IN RUN PNLVW ALM (665),SEAMER,87,11638.66667
705 - FL HEUFT 5 CONSECUTIVE LOW FILLS (705),FILLER,87,235.7166667
167 - AL PLC RACK # 7 FAULTED (167),ALF DEBAGGER,86,26912.93333
569 - RS CHUTE JAM AT VP10E-8 VAC TXFR BELT (569),RINSER,86,403.8666667
672 - MP AXIS3 FLAP CLOSER (LS) SERVO FAULT (672),Maxim Packer,84,78.96666667
755 - DB1-CASE COUNT EYE EE10DB-33-A DEVIATION (755),DELIVERY BELT 1,84,148.3666667
788 - EC VIDEO JET CODER A NOT READY (788),EMPTY CAN,84,5493.233333
1618 - MP AXIS 2 POSITION ERROR FAULT (1618),Maxim Packer,83,164.75
539 - DP AT LEAST 1 SHT HOIST ARM DIDNT RTRCT (539),DEPALLETIZER,83,457.3166667
608 - AL2-PACK ELEVATOR OVER LOAD FAULT (608),ALF LID DEPAL,83,723.15
1715 - MP AXIS 3 TORQUE OVERLOAD FAULT (1715),Maxim Packer,82,60.35
629 - AL2-MAIN LIFT OVERTRAVEL FAULT (629),ALF LID DEPAL,80,273.8333333
704 - FY SAMPLING TABLE FULL (704),FILLER CONV,79,86.71666667
2 - PL1-CS-PD DISPENSER E-STOP PUSHED ALARM (2),PALLETIZER 1,78,940.1
631 - AL2-MAIN LIFT PALLET JAM ON CONVEYOR FLT (631),ALF LID DEPAL,78,15973.58333
498 - FC1-VSD10F-19 FAULTED (498),FULL CAN 1,76,170.6333333
466 - EC TT10E-4 CONVEYOR FAULTED (466),EMPTY CAN,75,1726.933333
645 - BP SV10L-30505 FL CIP BLD VLV NOT CLOSED(645),BEER PIPE,74,15319.75
"584 - PL1-E-14A, REAR HOIST AREA BLOCKED (584)",PALLETIZER 1,73,113.5166667
589 - AL1-DEBAGGER BAG TRANSFER #1 CONV JAM (589),ALF CONVEYOR,73,162.0166667
96 - EC TT10E-4 NOT IN AUTO AT EEP10E1 (96),EMPTY CAN,73,13756.26667
572 - FL HIGH BOWL TEMP - PERFORM WB DUMP (572),FILLER,72,609.8
586 - AL OFF/AUTO SWITCH REMOTE PENDANT OFF (586),ALF DEBAGGER,72,4484.483333
416 - CJ L-SHAPED CARTON FAULT (416),12/12 Packer,71,114.3666667
9 - DB1-E-STOP PRESSED AT CST10DB21A (9),DELIVERY BELT 1,71,4395.266667
37 - CL DOOR SW #9 HARD WIRED/STATUS CONFLICT (37),SEAMER,70,382.5333333
586 - MP MISSING LOADER CAM FOLLOWER (586),Maxim Packer,69,110.85
789 - EC VIDEO JET CODER B NOT READY (789),EMPTY CAN,69,7830.983333
419 - PL2-E-2J BLOCKED TOO LONG ALARM (419),PALLETIZER 2,68,82.88333333
606 - MP LOW SLIP SHEET SUPPLY FAULT (606),Maxim Packer,68,90.53333333
622 - MP DOWN CAN AT UPPER TIER STAR #6 (622),Maxim Packer,68,134.7666667
666 - DP TO PV DOOR 8 OPEN (666),DEPALLETIZER,68,275.6
793 - EC VIDEO JET CODER A ENCODER/DET FAULT (793),EMPTY CAN,68,46.31666667
102 - DC2-T-CAR NOT IN AUTO MODE (102),WOOD OUT,67,448.2
482 - FY MOTOR TT10Y-1A FAULTED (482),FILLER CONV,67,13915.25
421 - PL2-E-Z2S BLOCKED TOO LONG ALARM (421),PALLETIZER 2,66,136.1
464 - EC TT10E-6 CONVEYOR FAULTED (464),EMPTY CAN,66,36.03333333
549 - DP FRAME REMOVER DID NOT GET FRAME (549),DEPALLETIZER,66,73.13333333
572 - AL END HOLDUP PIVOT CYLINDER MOTION (572),ALF DEBAGGER,66,444.7
481 - PL1-LEFT ROLLER 2 DRIVE FAULT (481),PALLETIZER 1,64,608.6166667
561 - PS LOAD CELL WEST LWR DECK LOW LOAD FLT (561),PASTEURIZER,64,546.5666667
592 - MP UPR TIER FALLEN CAN STOP MACHINE (592),Maxim Packer,64,104.7
518 - DP SHEET REMOVER DROPPED SHEET (518),DEPALLETIZER,63,244.7666667
20 - PL2-E-9A SAFETY EYE IS BLOCKED (20),PALLETIZER 2,61,691.0333333
421 - CN LOADER FAULT (421),2/12 Packer,60,2102.55
529 - DP SHEET REMOVER NOT UP (529),DEPALLETIZER,60,206.7166667
1 - SW1-REMOTE-E-STOP PRESSED (1),STRETCH WRAP 1,59,1342.366667
3 - MP EMERGENCY STOP AT DISCHARGE (3),Maxim Packer,59,611.05
613 - MP DOWN CAN AT LOWER TIER STAR #3 (613),Maxim Packer,59,194.2166667
425 - CJ FLAPSTAR FAULT (425),12/12 Packer,58,278.3
434 - DB1-REJECT DVTR DB-06 BLOCK/NO AIR PRESS.(434),DELIVERY BELT 1,58,2032.783333
612 - PS *ZONE 5 LOW TEMP FAULT (612),PASTEURIZER,57,99.21666667
662 - MP PHS-JAM ON STACKER CONVEYOR (662),Maxim Packer,57,317.9333333
21 - PL2-E-9B SAFETY EYE IS BLOCKED (21),PALLETIZER 2,55,75.15
480 - FC1-VSD10F-1 FAULTED (480),FULL CAN 1,55,1819.95
643 - BP SV10L-30504 FL CIP BLCK VLV NOT CLOSE(643),BEER PIPE,55,9692.6
496 - DB2-MOTOR MS-49 FAILED TO RUN (496),DELIVERY BELT 2,54,159.45
560 - RS WEST(RIGHT) AIR CONV COMBINER JAM (560),RINSER,54,20.3
616 - MP DOWN CAN AT LOWER TIER STAR #6 (616),Maxim Packer,54,90.81666667
7 - PS PAST STOPPED AT FILLER REDIPANEL (7),PASTEURIZER,54,70.36666667
106 - DB2-MT10DB-43 NOT IN AUTO AT CST10DB43 (106),DELIVERY BELT 2,50,2586.783333
11 - DB1-E-STOP PRESSED AT CST10DB27A (11),DELIVERY BELT 1,50,2189.45
587 - AL INFEED PUSHER NOT HOME IN AUTO (587),ALF DEBAGGER,50,177.2166667
570 - DC2-T-CAR JAM DURING PICK AT RECEIVING (570),WOOD OUT,49,215.05
588 - AL1-DEBAGGER BAG TRANSFER #2 CONV JAM (588),ALF CONVEYOR,49,204.2
7 - DC2-E-STOP PUSHED AT REDI-PANEL (7),WOOD OUT,49,7585.066667
32 - CN DRYING CONVEYOR GUARD OPEN (32),2/12 Packer,48,128.8833333
561 - MP SAFE MODE SELECT AT OPERATOR STATION (561),Maxim Packer,48,218.6666667
639 - AL2-REVERSED PALLET DETECTED (639),ALF LID DEPAL,48,116.4333333
752 - MP JOG MODE SELECT AT OPERATOR STATION (752),Maxim Packer,48,418.85
121 - MP FALLEN CAN UPPER TIER LANE 4 (121),Maxim Packer,47,58.48333333
484 - MP DAWSON UPR TIER INFD CONV DRV FLT (484),Maxim Packer,47,144.6
592 - AL1-LID DEPALL TO TRANSFER CONV JAM (592),ALF CONVEYOR,47,247.25
615 - MP DOWN CAN AT LOWER TIER STAR #5 (615),Maxim Packer,47,85.68333333
540 - DP SHEET HOIST JAMMED (540),DEPALLETIZER,46,484.8
561 - RS EAST(LEFT) AIR CONV COMBINER JAM (561),RINSER,46,21.96666667
635 - MP L10 BALER HYDRAULIC FAULT (635),Maxim Packer,46,354.5
65 - DP DUNNAGE HOISTS NOT IN AUTO (65),DEPALLETIZER,46,353.4333333
564 - DB2-DIVERTER 44/49 PERIMETER PE FAULT (564),DELIVERY BELT 2,45,583.1833333
564 - EC CONTROL POWER OFF AT EEP10E1 ALARM (564),EMPTY CAN,45,8478.433333
572 - PL2-FAULT @ DISCHARGE CONVEYOR (572),PALLETIZER 2,45,2112.116667
612 - MP DOWN CAN AT LOWER TIER STAR #2 (612),Maxim Packer,45,118.7833333
96 - FC2 TT10F-25 NOT IN AUTO EEP10F2 (96),FULL CAN 2,45,10240.66667
0 - FC2 E-STOP PRESSED AT EEP10F2 (0),FULL CAN 2,44,9106.15
1 - SW2-REMOTE E-STOP PRESSED (1),STRETCH WRAP 2,43,3549.483333
550 - DP FRAME REMOVER DROPPED FRAME (550),DEPALLETIZER,43,8.35
49 - MP GUARD DOOR 13 OPEN (49),Maxim Packer,42,33.88333333
0 - MP EMERGENCY STOP AT OPERATOR STATION (0),Maxim Packer,41,160.7166667
671 - DP TO PV BAND CHOPPER IS NOT RUNNING (671),DEPALLETIZER,41,78.4
662 - CL SEAMER DRIVE FAULT COND. PNLVW ALM (662),SEAMER,40,476.4
567 - RS EAST (LEFT) LN TWIST COMBINER JAM (567),RINSER,39,14.4
646 - BP SV10L-30506 FL CIP DRN VLV NOT OPEN (646),BEER PIPE,39,4893.533333
434 - DP INFEED CONV #6 DWNSTRM PE BLKD PASS (434),DEPALLETIZER,38,245.8
575 - MP 1ST GLUE PHOTOEYE FAILURE (575),Maxim Packer,38,75.75
759 - DB1-CASE COUNT EYES NO SIGNAL FAULT (759),DELIVERY BELT 1,38,149.6166667
419 - DP INFEED CONV #4 JAM MOVING LOAD (419),DEPALLETIZER,37,113.6666667
0 - DC2-E-STOP PUSHED AT AREA PANEL DOOR (0),WOOD OUT,36,9397.4
419 - DB1-SDN #1 CHANNEL A COMMUNICATIONS FAIL (419),DELIVERY BELT 1,36,11320.03333
483 - DP SHEET CARRIAGE DRIVE FAULT (483),DEPALLETIZER,36,141.6
0 - DB2-E-STOP PRESSED AT EEP10DB2 (0),DELIVERY BELT 2,35,8913.233333
422 - CN CARTON FEED OVERLOAD FAULT (422),2/12 Packer,35,120.3666667
621 - MP DOWN CAN AT UPPER TIER STAR #5 (621),Maxim Packer,35,295.3833333
0 - DB1-E-STOP PRESSED AT EEP10DB1 (0),DELIVERY BELT 1,34,11871.11667
2 - PL2-CS-PD DISPENSER E-STOP PUSHED ALARM (2),PALLETIZER 2,34,1095.45
641 - MP BALER CHECK INLET CHUTE CHAMBER EE2 (641),Maxim Packer,34,369.1666667
1717 - MP AXIS 5 TORQUE OVERLOAD FAULT (1717),Maxim Packer,33,48.91666667
610 - BP PH VALUE HIGH LIMIT FAULT (610),BEER PIPE,33,518.9666667
688 - CL N2 SYSTEM HIGH O2 FAULT (688),SEAMER,33,58.55
26 - DC2-SAFETY FENCE EAST END (26),WOOD OUT,32,55.48333333
32 - CL DOOR SW #1 HARD WIRED/STATUS CONFLICT (32),SEAMER,32,18.01666667
422 - DP INFEED CONV #7 JAM MOVING LOAD (422),DEPALLETIZER,32,69.58333333
569 - SW2-CARRIAGE IS NOT AT HOME (569),STRETCH WRAP 2,30,4.216666667
615 - PS *ZONE 7 LOW TEMP FAULT (615),PASTEURIZER,30,28.6
631 - PS *ZONE 7 HIGH TEMP FAULT (631),PASTEURIZER,30,9.533333333
507 - DP MESH BELT IS OFF (507),DEPALLETIZER,29,23.65
516 - DP SWEEP NOT EXT/RET FAULT (516),DEPALLETIZER,29,22.1
3 - DP TO PV E-STOP 1 ACTIVE (3),DEPALLETIZER,28,7102.65
428 - CJ FALLEN CAN LANE 2 (428),12/12 Packer,28,189.2
429 - CJ FALLEN CAN LANE 3 (429),12/12 Packer,28,99.68333333
496 - FC1-VSD10F-17 FAULTED (496),FULL CAN 1,28,1213.933333
571 - PL2-LOAD TOO HIGH TO DISCHARGE ALARM (571),PALLETIZER 2,28,963.7
578 - AL LANE A SHUTTER LOWER MOTION (578),ALF DEBAGGER,28,227.1
680 - CL CO2 VLV TO SEAMER PNL FAILED TO CLOSE(680),SEAMER,28,8567.633333
21 - DB3-E-STOP PRESSED AT CST10DB3-1 (21),DELIVERY BELT 3,27,4935.883333
482 - FC2 VSD10F-37 FAULT (482),FULL CAN 2,26,3971.1
639 - MP L10 BALER STOPPED - BALE TOO LONG (639),Maxim Packer,26,389.95
647 - BP SV10L-30506 FL CIP DRN VLV NOT CLOSED(647),BEER PIPE,26,5694
2 - DB2-E-STOP PRESSED AT MOTOR 43 (2),DELIVERY BELT 2,25,3043.7
433 - FC1 BLR10F-9 NO FAULT NOT RUNNING (433),FULL CAN 1,25,58.2
523 - DP COMPRESION BAR NOT RETRACTED (523),DEPALLETIZER,25,416.75
583 - DB3-FIRST CASE DIDNT MAKE IT TO WAREHOUSE(583),DELIVERY BELT 3,25,710.9833333
595 - FL CCP#1 PQC REQD - RINSER H20 PRESSURE (595),FILLER,25,87.55
676 - CL N2 SURGE TANK LOW PRESSURE ALARM (676),SEAMER,25,76.63333333
84 - FL CANS AT CHANGE POINT (84),FILLER,25,92.78333333
25 - DC2-SAFETY FENCE EAST OF LOAD/UNLOAD (25),WOOD OUT,24,12.8
454 - DP DISCHARGE CNVR #2 JAM MOVING LOAD (454),DEPALLETIZER,23,126.9166667
754 - CN LOW MAGAZINE (754),2/12 Packer,23,2701.15
492 - DB1-MT10DB-20 MOTOR FAULT (492),DELIVERY BELT 1,22,34.03333333
501 - DB2-MOTOR MS-33 VSD DRIVE FAULTED (501),DELIVERY BELT 2,22,4116.1
520 - DP PALLET STOP NOT DOWN (PRX63511) (520),DEPALLETIZER,22,142.9833333
531 - DP AT LEAST 1 FRAME ARM DID NOT EXTEND (531),DEPALLETIZER,22,295.3666667
574 - PL1-HOIST CONV FAULT BIT (574),PALLETIZER 1,22,199.2166667
596 - AL LANE A DEBAGGER DISCHARGE NO CAN LID (596),ALF DEBAGGER,22,40.65
596 - PS *ZONE 5 LOW SPRAY PRESSURE FAULT (596),PASTEURIZER,22,260.7333333
64 - FC1-FULL CAN SYSTEM STOPPED AT EEP10F1 (64),FULL CAN 1,22,6613.25
150 - FC1-FILTEC #4 FAULTED (150),FULL CAN 1,21,34.33333333
532 - DP AT LEAST 1 FRAME ARM DID NOT RETRACT (532),DEPALLETIZER,21,124.9666667
548 - DP FRAME REMOVER DID NOT LOWER (548),DEPALLETIZER,21,3.516666667
620 - BP BEER O2 HIGH ALARM (620),BEER PIPE,21,168.9
630 - AL2-PAPER DETECTED WITH MAIN LIFT DOWN (630),ALF LID DEPAL,21,148.1166667
635 - BP DOMOTOR CLOSED FROM BREWING (635),BEER PIPE,21,27.35
97 - DB2-MT10DB-34 NOT IN AUTO AT CST10DB34 (97),DELIVERY BELT 2,21,7611.433333
105 - DB2-MT10DB-42 NOT IN AUTO AT CST10DB42 (105),DELIVERY BELT 2,20,901.7333333
24 - DC2-SAFETY FENCE DPL INFD TO LOAD/UNLOAD (24),WOOD OUT,20,20.21666667
46 - MP GUARD DOOR 10 OPEN (46),Maxim Packer,20,34.36666667
494 - AL AIR HOLDUP MOTOR FAULT (494),ALF DEBAGGER,20,5371.016667
496 - DP CHOPPER DRIVE FAULTED (M1) (496),DEPALLETIZER,20,14.58333333
510 - FC1-BLR10F-8 DEVICE FAULT (510),FULL CAN 1,20,149.65
566 - DB2-CASES JAMMED AT 10DB-45 (566),DELIVERY BELT 2,20,74.68333333
576 - MP 2ND GLUE PHOTOEYE FAILURE (576),Maxim Packer,20,23.5
"584 - PL2-E-14A, REAR HOIST AREA BLOCKED (584)",PALLETIZER 2,20,42.06666667
663 - MP PHS-STACKER TABLE JAM (663),Maxim Packer,20,382.1833333
224 - PS *SUPERVISOR COMMUNICATION FAULT (224),PASTEURIZER,19,117.6333333
3 - DB1-E-STOP PRESSED AT CST10DB4 (3),DELIVERY BELT 1,19,1353.033333
433 - PL2 PARTIAL PALLET COUNTDOWN COMPLETE (433),PALLETIZER 2,19,35.21666667
482 - MP DAWSON MAIN INFD CONV DRV FLT DIVFD1 (482),Maxim Packer,19,161.6333333
508 - DP LOAD HEIGHT SENSOR DID NOT CLEAR (508),DEPALLETIZER,19,51.86666667
544 - AL2-PAPER CONVEYOR FAULT (544),ALF LID DEPAL,19,45.25
573 - FL HI HI BOWL TEMP - PERFORM WB DUMP (573),FILLER,19,302.0666667
581 - AL LANE B LID SWEEP CYLINDER MOTION (581),ALF DEBAGGER,19,37.41666667
433 - DP INFEED CONV #5 DWNSTRM PE BLKD PASS (433),DEPALLETIZER,18,54.23333333
604 - MP GLUE UNIT LOW TANK LEVEL (604),Maxim Packer,18,54.6
627 - AL2-PALLET INFD STAGE #5 LOAD FALL LEFT (627),ALF LID DEPAL,18,20.2
656 - MP PHS-CARTON PLT STATION 1 ROLLERS JAM (656),Maxim Packer,18,448.2666667
0 - CN E-STOP PRESSED (0),2/12 Packer,17,31.73333333
449 - DB2 CONVEYOR STOPPED FROM HMI (449),DELIVERY BELT 2,17,5536.183333
499 - DB1-MT10DB-27 MOTOR FAULT (499),DELIVERY BELT 1,17,372.4333333
533 - DP FRAME HOIST JAMMED (533),DEPALLETIZER,17,99.35
543 - DP SHEET HOIST WAITING TO DISCH LOAD (543),DEPALLETIZER,17,38.98333333
604 - PS *ZONE 11 LO SPRAY PRESS-ZONE 1 SCREENS(604),PASTEURIZER,17,153.5166667
60 - MP DIVERTER GUARD DOOR 1 OPEN (60),Maxim Packer,17,35.5
61 - MP DIVERTER GUARD DOOR 2 OPEN (61),Maxim Packer,17,62.65
679 - DP TO PV FWD OVER-TRAVEL X-AXIS (679),DEPALLETIZER,17,7520.083333
117 - DB1-MT10DB-27 STOPPED BUT AUX CONTACT CLOSED(117),DELIVERY BELT 1,16,0.85
17 - DC2-SAFETY FENCE EAST OF AC-2 FAULT (17),WOOD OUT,16,7511.883333
418 - PL1-E-2 BLOCKED TOO LONG ALARM (418),PALLETIZER 1,16,30.38333333
458 - DP #7 INFEED CNVR EXIT BLKD (458),DEPALLETIZER,16,39.11666667
486 - DB2-MOTOR MS-39 FAILED TO RUN (486),DELIVERY BELT 2,16,66.25
54 - AL2-PACK ELEVATOR DOOR SWITCH OPEN (54),ALF LID DEPAL,16,97.21666667
573 - PL1-LAYER PUSHER FAULT (573),PALLETIZER 1,16,21.51666667
579 - AL LANE A SHUTTER UPPER MOTION (579),ALF DEBAGGER,16,30.13333333
599 - PS *ZONE 7 LOW SPRAY PRESSURE FAULT (599),PASTEURIZER,16,68.9
636 - DB3-CASES JAMMED AT 10DB3-61 (636),DELIVERY BELT 3,16,71.95
66 - RS VAC PRESS. VP10E-8 NOT IN AUTO (66),RINSER,16,602.5833333
96 - FC1-VSD10F-1 NOT IN AUTO AT EEP10F1 (96),FULL CAN 1,16,6560.533333
492 - FY MOTOR TT10Y-10 FAULTED (492),FILLER CONV,15,19.33333333
614 - MP DOWN CAN AT LOWER TIER STAR #4 (614),Maxim Packer,15,54.36666667
664 - MP PHS-STACKER FORKS JAM (664),Maxim Packer,15,95.7
0 - FC1-E-STOP PRESSED AT EEP10F1 (0),FULL CAN 1,14,3228.716667
18 - PL2-PX-GS1 SAFETY GATE #1 OPEN (18),PALLETIZER 2,14,17.91666667
430 - CJ FALLEN CAN LANE 4 (430),12/12 Packer,14,25
433 - DB1-MT10DB-9 MOTOR FAULT (433),DELIVERY BELT 1,14,0.25
480 - DC1-CONVEYOR 30003 DRIVE FAULTED (480),DUNNAGE,14,1466.7
4 - DB1-E-STOP PRESSED AT CST10DB6 (4),DELIVERY BELT 1,14,938.9333333
565 - FL CLOSING CAM H2O LUBE LOW ALARM (565),FILLER,14,2135.416667
597 - PS *ZONE 6 LOW SPRAY PRESSURE FAULT (597),PASTEURIZER,14,23.58333333
618 - MP DOWN CAN AT UPPER TIER STAR #2 (618),Maxim Packer,14,29.35
659 - CL INFEED RAIL LS10L-30711 TRIPPED (659),SEAMER,14,116.4666667
681 - CL N2 VLV TO FILLER BOWL FAILED TO OPEN (681),SEAMER,14,3947.366667
0 - DP E-STOP PRESSED MAIN CONSOLE (0),DEPALLETIZER,13,1480.75
120 - DB1-MT10DB-30 STOPPED BUT AUX CONTACT CLOSED(120),DELIVERY BELT 1,13,0.416666667
224 - MP PHS-LOSS OF COMMUNICATION (224),Maxim Packer,13,60.9
416 - PL1-E-1 BLOCKED TOO LONG ALARM (416),PALLETIZER 1,13,17.11666667
561 - AL BAG REMOVAL CHUTE JAM FAULT (561),ALF DEBAGGER,13,351.6833333
571 - DP SHEET REMOVER FAILED TO RELEASE SHEET(571),DEPALLETIZER,13,15.48333333
575 - DC2-T-CAR PICK FROM WOODOUT JAM (575),WOOD OUT,13,58.76666667
576 - DB1-SDN #1 NOT SCANNING CHANNEL A (576),DELIVERY BELT 1,13,781.35
577 - AL LANE A LID SWEEPER OUT OF POSITION (577),ALF DEBAGGER,13,32.98333333
579 - DB1-MAXIM 2/12 DELIVERY BELT DIVERTER JAM(579),DELIVERY BELT 1,13,65.53333333
625 - BP ENTIRE BEER PIPE LOS - CALL BREWING (625),BEER PIPE,13,225.9833333
649 - BP SV10L-30507 BRW CIP SPLY VL NOT CLOSE(649),BEER PIPE,13,1652.633333
102 - RS B10E-7 NOT IN AUTO AT EEP10E1 (102),RINSER,12,1155.45
111 - DB2-MT10DB-51 NOT IN AUTO AT CST10DB51 (111),DELIVERY BELT 2,12,105.4333333
145 - FC2 FULL CAN SYSTEM STOPPED (145),FULL CAN 2,12,0.333333333
23 - DC2-SAFETY FENCE DEPAL OUTFEED TO INFEED (23),WOOD OUT,12,623.2666667
34 - PL2-LAYER HEIGHT MUST BE 14 OR LESS (34),PALLETIZER 2,12,111.35
487 - FC2 VSD10F-32 FAULT (487),FULL CAN 2,12,1438.666667
493 - DB1-MT10DB-21 MOTOR FAULT (493),DELIVERY BELT 1,12,1462.183333
537 - AL2-MAIN ELEVATOR UP FAULT (537),ALF LID DEPAL,12,14.33333333
571 - MP 3 CONSECUTIVE OPEN INNER FLAPS (571),Maxim Packer,12,69.3
597 - FL CANS STUCK AT CAN STOP (597),FILLER,12,65.68333333
605 - MP LASER CODER HAS MISFIRED (605),Maxim Packer,12,70.48333333
664 - CL SERVICE DOOR OPEN DISCHARGE SIDE (664),SEAMER,12,2254.166667
770 - MP MASTER AXIS REFERENCE REQUIRED (770),Maxim Packer,12,1277.6
131 - FC2 TT10F-33 NOT IN AUTO FROM CST10F33 (131),FULL CAN 2,11,102.9
148 - FC1-FILTEC #2 FAULTED (148),FULL CAN 1,11,30.15
20 - DB3-E-STOP PRESSED AT EEP10DB3 (20),DELIVERY BELT 3,11,1677.8
420 - DP INFEED CONV #5 JAM MOVING LOAD (420),DEPALLETIZER,11,41.63333333
434 - FC1 BLR10F-8 DISCONNECT IS TURNED OFF (434),FULL CAN 1,11,2299.816667
4 - DP TO PV E-STOP 2 ACTIVE (4),DEPALLETIZER,11,4.75
538 - DP AT LEAST 1 SHT HOIST ARM DIDNT EXTND (538),DEPALLETIZER,11,92.08333333
569 - MP LOWER TIER OVERLOAD CLUTCH (569),Maxim Packer,11,70.7
85 - FL FILLER BOWL LEVEL NOT IN AUTO (85),FILLER,11,23.11666667
108 - DB2-MT10DB-46 NOT IN AUTO AT CST10DB46 (108),DELIVERY BELT 2,10,142.1833333
162 - PS *RACK 1/4-7 FAULT @ EEP10P1 (162),PASTEURIZER,10,2601.133333
19 - PL1-PX-GS2 SAFETY GATE #2 OPEN (19),PALLETIZER 1,10,9.316666667
1 - MP EMERGENCY STOP AT INFEED STATION (1),Maxim Packer,10,89.76666667
417 - PL2-E-1A BLOCKED TOO LONG ALARM (417),PALLETIZER 2,10,15.36666667
432 - DP INFEED CONV #4 DWNSTRM PE BLKD PASS (432),DEPALLETIZER,10,36.98333333
481 - DB3-VSD10DB3-61(VSD50DB1-41) DRIVE FAULT (481),DELIVERY BELT 3,10,780.95
481 - PL2-L.ROLLER 2 DRIVE FAULT (481),PALLETIZER 2,10,283.6666667
489 - DC1-CONVEYOR 40403 DRIVE FAULTED (489),DUNNAGE,10,603.0833333
535 - AL2-MAIN LIFT INFEED FORWARD FAULT (535),ALF LID DEPAL,10,114.95
54 - MP GUARD DOOR 18 OPEN (54),Maxim Packer,10,10.73333333
583 - MP MISSING TRANSPORT LUG ON OPER SIDE (583),Maxim Packer,10,5.95
609 - BP PH VALUE LOW LIMIT FAULT (609),BEER PIPE,10,272.7166667
681 - PS *ZN 6 HEAT EXCH PRES SW FLD TO RESET (681),PASTEURIZER,10,3788.916667
683 - PS *ZN 8 HEAT EXCH PRES SW FLD TO RESET (683),PASTEURIZER,10,2711.633333
6 - FC1-E-STOP PRESSED AT CST10F20A (6),FULL CAN 1,10,2946.033333
102 - DB2-MT10DB-39 NOT IN AUTO AT CST10DB39 (102),DELIVERY BELT 2,9,6.15
121 - DB1-MT10DB-31 STOPPED BUT AUX CONTACT CLOSED(121),DELIVERY BELT 1,9,0.233333333
129 - FC2 VSD10F-29 NOT IN AUTO CST10F30B (129),FULL CAN 2,9,230.2666667
12 - DB1-E-STOP PRESSED AT CST10DB28A (12),DELIVERY BELT 1,9,9.95
162 - AL2-PLC RACK # 2 FAULTED (162),ALF LID DEPAL,9,349.85
34 - CL DOOR SW #3 HARD WIRED/STATUS CONFLICT (34),SEAMER,9,11.71666667
422 - PL1-E-LFS BLOCKED TOO LONG ALARM (422),PALLETIZER 1,9,22.13333333
431 - DP INFEED CONV #3 DWNSTRM PE BLKD PASS (431),DEPALLETIZER,9,26.25
453 - DP DISCHARGE CNVR #1 JAM WHILE PASSING (453),DEPALLETIZER,9,39.2
481 - FL CO2 BLOWER FAULT (481),FILLER,9,43.96666667
487 - MP DISCHARGE CONVEYOR DRIVE FAULT DVFD2 (487),Maxim Packer,9,31.43333333
4 - FC2 E-STOP PRESSED AT CST10F32 (4),FULL CAN 2,9,2266.866667
562 - DC2-OVERHANG PHOTOEYE FAULT (562),WOOD OUT,9,66.85
564 - PL1-HOIST LOWERED TOO LONG ALARM (564),PALLETIZER 1,9,8.983333333
565 - AL LANE B DISCH REVERSE / NO LID DETECT (565),ALF DEBAGGER,9,12.88333333
566 - SW1-INFEED SHUTDOWN DEFECTIVE (566),STRETCH WRAP 1,9,11.98333333
571 - PL1-LOAD TOO HIGH TO DISCHARGE ALARM (571),PALLETIZER 1,9,52.6
619 - BP CO2 OUT OF RANGE ALARM (619),BEER PIPE,9,20.45
619 - MP DOWN CAN AT UPPER TIER STAR #3 (619),Maxim Packer,9,27.35
624 - BP RELEASABLE VOLUME BELOW SETPOINT (624),BEER PIPE,9,72.91666667
636 - MP L10 BALER PLATTEN ADVANCE TOO LONG (636),Maxim Packer,9,83.33333333
642 - AL2 Pack Detect PE I4316 Not Clear Fault (642),ALF LID DEPAL,9,26.96666667
101 - DB2-MT10DB-38 NOT IN AUTO AT CST10DB38 (101),DELIVERY BELT 2,8,0.55
104 - DB1-MT10DB-11 STOPPED BUT AUX CONTACT CLOSED(104),DELIVERY BELT 1,8,136.7833333
104 - DB2-MT10DB-41 NOT IN AUTO AT CST10DB41 (104),DELIVERY BELT 2,8,2.333333333
106 - DB1-MT10DB-14 STOPPED BUT AUX CONTACT CLOSED(106),DELIVERY BELT 1,8,34.71666667
110 - DB1-MT10DB-20 STOPPED BUT AUX CONTACT CLOSED(110),DELIVERY BELT 1,8,0.166666667
119 - DB1-MT10DB-29 STOPPED BUT AUX CONTACT CLOSED(119),DELIVERY BELT 1,8,0.166666667
2 - FL E-STOP PRESSED AT CST-CD (2),FILLER,8,2.416666667
34 - MP GUARD DOOR ZONE 1 OPEN (34),Maxim Packer,8,14.4
36 - PL2-LAYER HEIGHT MUST BE 6 OR LESS (36),PALLETIZER 2,8,100.75
416 - FC1-BLR10F-1 NOT IN AUTO AT EEP10F1 (416),FULL CAN 1,8,1512.25
488 - DB2-MOTOR MS-41 FAILED TO RUN (488),DELIVERY BELT 2,8,35.43333333
500 - AL BAG STRIPPING CYCLE FAILURE (500),ALF DEBAGGER,8,6.1
546 - DP SHEET RAKE DID NOT LOWER (546),DEPALLETIZER,8,54.01666667
567 - FL CO2 SUPPLY LOW FLOW AT FILLER (567),FILLER,8,202.05
570 - SW2-RING TRAVEL UP AUTO HGT EYE DEF (570),STRETCH WRAP 2,8,7.4
600 - MP GLUE UNIT NOT READY (600),Maxim Packer,8,954.9
607 - MP LOWER TIER FILTEC SYSTEM FAILURE (607),Maxim Packer,8,49.83333333
618 - BP OUT OF SPEC BEER AT DOMOTOR ALARM (618),BEER PIPE,8,16.66666667
626 - BP MICROMOTION FLOW XMITTER FAILURE (626),BEER PIPE,8,289.75
642 - MP UNFORMED CARTON STUCK IN PACKER (642),Maxim Packer,8,14.35
6 - DB1-E-STOP PRESSED AT CST10DB11A (6),DELIVERY BELT 1,8,8.416666667
96 - DB2-MT10DB-33 NOT IN AUTO AT CST10DB33 (96),DELIVERY BELT 2,8,1341.616667
130 - FC2 TT10F-33 NOT IN AUTO CST10F33 (130),FULL CAN 2,7,41.95
416 - PL2-E-1 BLOCKED TOO LONG ALARM (416),PALLETIZER 2,7,19.56666667
423 - DP INFEED CONV #1 JAM WHILE PASSING (423),DEPALLETIZER,7,31.35
432 - PL2 PUSHER RAN TOO LONG IN HIGH SPEED (432),PALLETIZER 2,7,3.65
480 - MP LOWER TIER INFEED DRIVE FAULT VFD 1 (480),Maxim Packer,7,3.4
483 - FC1-VSD10F-4 FAULTED (483),FULL CAN 1,7,2082.616667
485 - SW1-MS10SW12-9 CONVEYOR 9 FAULTED (485),STRETCH WRAP 1,7,1116.566667
491 - DB2-MOTOR MS-44 FAILED TO RUN (491),DELIVERY BELT 2,7,18.13333333
494 - FC1-VSD10F-15 FAULTED (494),FULL CAN 1,7,17.76666667
566 - SW2-INFD AUTO SHUTDOWN EYE PE-5 FLT (566),STRETCH WRAP 2,7,5
568 - MP GLUE UNIT POWER OFF (568),Maxim Packer,7,90.6
5 - FC1-E-STOP PRESSED AT CST10F22 (5),FULL CAN 1,7,50.5
617 - MP DOWN CAN AT UPPER TIER STAR #1 (617),Maxim Packer,7,15.23333333
624 - AL2-PAPER HANDLING CYLINDER MOTION (624),ALF LID DEPAL,7,5.283333333
626 - MP PALLET HAND. CONTROL POWER IS OFF (626),Maxim Packer,7,916.4833333
672 - CL UNDERCOVER GAS LOW LOW SPEED ALARM (672),SEAMER,7,15.33333333
96 - MP DAWSON MAIN INFEED CONV NOT IN AUTO (96),Maxim Packer,7,57.91666667
105 - DB1-MT10DB-12 STOPPED BUT AUX CONTACT CLOSED(105),DELIVERY BELT 1,6,0.116666667
129 - EC TT10E-6 NOT IN AUTO AT CST10E-7 (129),EMPTY CAN,6,5.533333333
145 - FC1-WEST FILTEC CNV NOT IN AUTO CST10F22 (145),FULL CAN 1,6,96.8
164 - AL2-PLC RACK # 4 FAULTED (164),ALF LID DEPAL,6,229.9166667
241 - DB3-SDN #1 BLOCK TRANSFER 62 WRITE ERROR (241),DELIVERY BELT 3,6,1116.633333
35 - CL DOOR SW #4 HARD WIRED/STATUS CONFLICT (35),SEAMER,6,12.06666667
40 - CL DOOR SW #6 HARD WIRED/STATUS CONFLICT (40),SEAMER,6,2.9
423 - PL2-E-Z3S BLOCKED TOO LONG ALARM (423),PALLETIZER 2,6,22.71666667
424 - PL2 PALLET TINES RETRACT TO LONG WARNING (424),PALLETIZER 2,6,4.966666667
427 - DP INFEED CONV #5 JAM WHILE PASSING (427),DEPALLETIZER,6,12.68333333
505 - DB2-MOTOR MS-46 VSD DRIVE FAULTED (505),DELIVERY BELT 2,6,1254.866667
505 - DP HOIST ENTRANCE SAFETY MAT FAULT (505),DEPALLETIZER,6,597.5666667
508 - FC1-BLR10F-6 DEVICE FAULT (508),FULL CAN 1,6,84.03333333
517 - SW1-M10SW21-10 TO 9 JAM DETECTED (517),STRETCH WRAP 1,6,7.45
521 - DP PALLET STOP NOT DOWN (PRX63511) (521),DEPALLETIZER,6,50.51666667
524 - DP COMPRESION BAR NOT EXTENDED (524),DEPALLETIZER,6,6.883333333
525 - DB2-CONV DS-46 DISCONNECT SWITCH OPEN (525),DELIVERY BELT 2,6,386.3166667
528 - SW2-9 TO 10 JAM DETECTED (528),STRETCH WRAP 2,6,14.85
529 - DB2-CONV DS-50 DISCONNECT SWITCH OPEN (529),DELIVERY BELT 2,6,894.8
536 - DP FRAME HOIST DISCH PE S WERE BLOCKED (536),DEPALLETIZER,6,28.51666667
539 - SW1-30 TO 31 JAM DETECTED (539),STRETCH WRAP 1,6,27.8
562 - DP LOWER HOIST TO RETRACT SWEEP (562),DEPALLETIZER,6,6.833333333
565 - MP ORBI-TRAK AIR OFF (565),Maxim Packer,6,17.26666667
577 - SW1-CARRIAGE FAULT OPEN (577),STRETCH WRAP 1,6,3.8
580 - DB1-MERGE JAM MOTOR 14 (580),DELIVERY BELT 1,6,20.31666667
580 - DB2-SDN #1 NOT SCANNING CHANNEL A (580),DELIVERY BELT 2,6,21.63333333
595 - PS *ZONE 4 LOW SPRAY PRESS-ZONE 8 SCREENS(595),PASTEURIZER,6,25.61666667
598 - FL GASSING PANEL LO FLO CHK INFEED STAR?(598),FILLER,6,10.85
620 - MP DOWN CAN AT UPPER TIER STAR #4 (620),Maxim Packer,6,8.933333333
98 - DB1-MT10DB-5 STOPPED BUT AUX CONTACT CLOSED(98),DELIVERY BELT 1,6,0.8
102 - DB1-MT10DB-9 STOPPED BUT AUX CONTACT CLOSED(102),DELIVERY BELT 1,5,0.1
1044 - MP SERVO AXIS 4 MODULE FAULT (1044),Maxim Packer,5,8.516666667
117 - FC2 TT10F-30 NOT IN AUTO AT WKS (117),FULL CAN 2,5,0.85
143 - FC1-EAST FILTEC CNV NOT IN AUTO CST10F22 (143),FULL CAN 1,5,12.85
16 - PL1-E-12 SAFETY EYE BLOCKED ALARM (16),PALLETIZER 1,5,1.95
18 - DC2-SAFETY FENCE AC-4 TO 6 FAULT (18),WOOD OUT,5,5.15
21 - DC2-SAFETY FENCE WEST END FAULT (21),WOOD OUT,5,7.5
424 - DP INFEED CONV #2 JAM WHILE PASSING (424),DEPALLETIZER,5,29.5
426 - DP INFEED CONV #4 JAM WHILE PASSING (426),DEPALLETIZER,5,8.35
426 - FC1-BLR10F-1 NOT IN AUTO AT CST10FBBLR (426),FULL CAN 1,5,3
428 - PL2 CS-DC INFEED OFF/ON TURNED OFF (428),PALLETIZER 2,5,753.7833333
435 - FC1 BLR10F-9 DISCONNECT IS TURNED OFF (435),FULL CAN 1,5,1.2
457 - DP PALLET JAMMED AT INFEED TO HOIST (457),DEPALLETIZER,5,6.216666667
481 - RS VAC BELT B10E-7 FAULTED (481),RINSER,5,9.116666667
490 - FY MOTOR TT10Y-8 FAULTED (490),FILLER CONV,5,538.85
491 - DB1-MT10DB-19 MOTOR FAULT (491),DELIVERY BELT 1,5,299.4666667
492 - FC1-VSD10F-13 FAULTED (492),FULL CAN 1,5,9.283333333
513 - SW2-4 TO 5 JAM DETECTED (513),STRETCH WRAP 2,5,1.266666667
520 - SW2-10 TO 9 JAM DETECTED (520),STRETCH WRAP 2,5,3.783333333
558 - SW1-XFER PROX SWITCH FAULT M10SW12-8 (558),STRETCH WRAP 1,5,3.733333333
569 - FL FLR WASHOUT NOT IN CO2 (569),FILLER,5,447.5
571 - AL SIDE PUSHER CYLINDER MOTION (571),ALF DEBAGGER,5,22.03333333
608 - MP UPPER TIER FILTEC SYSTEM FAILURE (608),Maxim Packer,5,12.15
613 - PS *ZONE 6 LOW TEMP FAULT (613),PASTEURIZER,5,30.93333333
626 - AL2-PACK ASSIST CYLINDER MOTION (626),ALF LID DEPAL,5,24.08333333
628 - PS *ZONE 5 HIGH TEMP FAULT (628),PASTEURIZER,5,29.41666667
673 - CL CLOSER WASHOUT NOT IN CO2 (673),SEAMER,5,401.7833333
681 - DP TO PV FWD OVER-TRAVEL Y-AXIS (681),DEPALLETIZER,5,24.36666667
693 - CL N2 SYSTEM PLC COMM FAULT (693),SEAMER,5,167
756 - DB1-CASE COUNT EYE EE10DB-33-B DEVIATION (756),DELIVERY BELT 1,5,5.183333333
776 - BP ANTON-PAAR OVERIDDEN BY SUPERVISOR (776),BEER PIPE,5,526.05
86 - FL FILLER COUNTERPRESSURE NOT IN AUTO (86),FILLER,5,2.833333333
99 - DB2-MT10DB-36 NOT IN AUTO AT CST10DB36 (99),DELIVERY BELT 2,5,8.3
103 - FC1-VSD10F-9 NOT IN AUTO AT EEP10F1 (103),FULL CAN 1,4,0.4
105 - FC2 TT10F-34 NOT IN AUTO EEP10F2 (105),FULL CAN 2,4,1.4
109 - DB1-MT10DB-19 STOPPED BUT AUX CONTACT CLOSED(109),DELIVERY BELT 1,4,0.083333333
110 - DB2-MT10DB-50 NOT IN AUTO AT CST10DB50 (110),DELIVERY BELT 2,4,4.35
117 - FC1-VSD10F-24 NOT IN AUTO AT EEP10F1 (117),FULL CAN 1,4,1.55
123 - FC2 TT10F-36 NOT IN AUTO AT WKS (123),FULL CAN 2,4,1.083333333
130 - RS B10E-7 NOT IN AUTO AT CST10E-7 (130),RINSER,4,6.583333333
134 - RS AB10E-12 NOT IN AUTO AT CST10E-12 (132),RINSER,4,3.816666667
142 - FC1-EAST FILTEC CNV NOT IN AUTO CST10F11 (142),FULL CAN 1,4,2.533333333
149 - FC1-FILTEC #3 FAULTED (149),FULL CAN 1,4,37.98333333
1619 - MP AXIS 3 POSITION ERROR FAULT (1619),Maxim Packer,4,1.983333333
163 - AL PLC RACK # 3 FAULTED (163),ALF DEBAGGER,4,11.51666667
164 - PL2-RACK 10 1ST 1/4 FLT DSCH CNV REDIPNL (164),PALLETIZER 2,4,163.4833333
19 - DC2-SAFETY FENCE AC-8 TO 12 FAULT (19),WOOD OUT,4,5.266666667
246 - PS *BLOCK XFER ERR AN OUT 1771-OFE 0/2/1 (246),PASTEURIZER,4,644.4666667
36 - MP GUARD DOOR 21 OPEN (36),Maxim Packer,4,63.25
3 - FC2 E-STOP PRESSED AT CST10F30B (3),FULL CAN 2,4,257.9166667
3 - SW1 E-STOP PRESSED 10SW15-35E @ CONV.36 (3),STRETCH WRAP 1,4,76.03333333
418 - FC1-BLR10F-2 NOT IN AUTO AT EEP10F1 (418),FULL CAN 1,4,13.51666667
420 - CJ HANDWHEEL FAULT (420),12/12 Packer,4,256.6666667
421 - DP INFEED CONV #6 JAM MOVING LOAD (421),DEPALLETIZER,4,5.5
431 - CJ FUMEX DOES NOT HAVE PWR AND IS OFF (431),12/12 Packer,4,106.5333333
480 - DB1-MT10DB-8 MOTOR FAULT (480),DELIVERY BELT 1,4,0.55
481 - MP UPPER TIER INFEED DRIVE FAULT VFD 2 (481),Maxim Packer,4,30.45
487 - FC1-VSD10F-8 FAULTED (487),FULL CAN 1,4,2.583333333
488 - AL CUTTER MOTOR FAULT (488),ALF DEBAGGER,4,1405.083333
500 - FC1-VSD10F-21 FAULTED (500),FULL CAN 1,4,39.61666667
55 - MP GUARD DOOR 19 OPEN (55),Maxim Packer,4,12.55
567 - MP CARTON FEED OUT OF POSITION (567),Maxim Packer,4,1.183333333
569 - PL2-DISCHARGE FAILURE ALARM (569),PALLETIZER 2,4,15.8
571 - DB2-CASES JAMMED AT 10DB-39 (571),DELIVERY BELT 2,4,9.283333333
578 - SW2-LOAD IS BLOCKING EYE PE-2 IS FAULTED (578),STRETCH WRAP 2,4,1.3
581 - MP CARTONER LOW AIR PRESSURE (581),Maxim Packer,4,520.5333333
592 - PS *ZONE 1 LO SPRAY PRESS-ZONE 11 SCREENS(592),PASTEURIZER,4,12.95
595 - SW1-VFD-5 DRIVE FAULT (595),STRETCH WRAP 1,4,1.85
599 - MP SERVO HOME REQUEST (CLEAR MACHINE) (599),Maxim Packer,4,268.8333333
5 - FC2 E-STOP PRESSED AT CST10F25 (5),FULL CAN 2,4,792.05
5 - PS NO CONTROL POWER @ EEP10P1 (5),PASTEURIZER,4,12.4
62 - MP DIVERTER GUARD DOORS 3 OPEN (62),Maxim Packer,4,34.55
63 - MP DIVERTER GUARD DOORS 4 OPEN (63),Maxim Packer,4,1.466666667
64 - RS RINSER WATER NOT IN AUTO (64),RINSER,4,125.3166667
666 - MP PHS-S SHEET PLT STATION 2 ROLLERS JAM(666),Maxim Packer,4,25.15
682 - DP TO PV REV OVER-TRAVEL Y-AXIS (682),DEPALLETIZER,4,0.483333333
749 - PS *PU SAFETY STOP ACTIVE (749),PASTEURIZER,4,31.35
765 - MP SLIP SHEET JAM IN CONVEYOR THROAT (765),Maxim Packer,4,6.55
99 - FC2 TT10F-28 NOT IN AUTO EEP10F2 (99),FULL CAN 2,4,33.23333333
100 - DB1-MT10DB-7 STOPPED BUT AUX CONTACT CLOSED(100),DELIVERY BELT 1,3,0.083333333
107 - DB2-MT10DB-45 NOT IN AUTO AT CST10DB45 (107),DELIVERY BELT 2,3,3.633333333
114 - DB1-MT10DB-24 STOPPED BUT AUX CONTACT CLOSED(114),DELIVERY BELT 1,3,0.05
116 - DB2-MT10DB-33 NOT IN AUTO AT WKS (116),DELIVERY BELT 2,3,493.1333333
146 - FC1-WEST FILTEC CNV NOT IN AUTO CST10F11 (146),FULL CAN 1,3,4.133333333
162 - FC1-RACK 2 FAULTED COMBINER PANEL FXP10FC(162),FULL CAN 1,3,1244.316667
244 - PS *BLOCK XFER ERR AN OUT 1771-OFE 0/1/1 (244),PASTEURIZER,3,577.5
2 - MP EMERGENCY STOP AT ENC1 (2),Maxim Packer,3,4.95
2 - PS E-STOP PRESSED AT DISCHARGE CSTP2 (2),PASTEURIZER,3,1.5
32 - PL1-LAYER HEIGHT MUST BE 12 OR LESS (34),PALLETIZER 1,3,21.46666667
33 - PL1-LAYER HEIGHT MUST BE 14 OR LESS (34),PALLETIZER 1,3,8.033333333
35 - PL2-LAYER HEIGHT MUST BE 12 OR LESS (35),PALLETIZER 2,3,17.58333333
422 - CJ CARTON FEED OVERLOAD FAULT (422),12/12 Packer,3,42.6
425 - PL2 PALLET TINES EXTEND TO LONG WARNING (425),PALLETIZER 2,3,9
429 - PL2 CS-PD INFEED OFF/ON TURNED OFF (429),PALLETIZER 2,3,9.483333333
480 - CL SEAMER DRV MOTOR OVER TEMP PNLVW ALM (480),SEAMER,3,383.4
480 - FC2 VSD10F-25 FAULT (480),FULL CAN 2,3,59.75
481 - CN MOTOR OVERLOAD FAULT (481),2/12 Packer,3,0.55
485 - FY MOTOR TT10Y-3 FAULTED (485),FILLER CONV,3,156.5333333
486 - FY MOTOR TT10Y-4 FAULTED (486),FILLER CONV,3,63.35
488 - DC1-CONVEYOR 40320 DRIVE FAULTED (488),DUNNAGE,3,34.93333333
489 - FC2 VSD10F-34 FAULT (489),FULL CAN 2,3,14.23333333
493 - PS CONTACT MC10-P1 UPR BED MTRS NOT MADE (493),PASTEURIZER,3,321.2
495 - RS AIR BLOWER AB10E-12 FAULTED (495),RINSER,3,3.533333333
497 - AL LANE A DEBAGGER DISCHARGE MOTOR FLT (497),ALF DEBAGGER,3,20.31666667
498 - DB1-MT10DB-26 MOTOR FAULT (498),DELIVERY BELT 1,3,319.05
498 - DP CHOPPER DRIVE FAULTED (498),DEPALLETIZER,3,7.6
502 - DB2-MOTOR MS-33A VSD DRIVE FAULTED (502),DELIVERY BELT 2,3,549.05
505 - AL DEBAGGER LANE A POWERED GAP MOTOR (505),ALF DEBAGGER,3,27.21666667
506 - FC1-BLR10F-1 DEVICE FAULT (506),FULL CAN 1,3,33.85
513 - SW1-4 TO 5 JAM DETECTED (513),STRETCH WRAP 1,3,0.216666667
524 - DB2-CONV DS-45 DISCONNECT SWITCH OPEN (524),DELIVERY BELT 2,3,11.16666667
52 - MP GUARD DOOR 16 OPEN (52),Maxim Packer,3,4.216666667
543 - SW2-23 TO 24 JAM DETECTED (543),STRETCH WRAP 2,3,19.28333333
561 - SW1-CARRIAGE IS NOT AT HOME (561),STRETCH WRAP 1,3,1.2
565 - SW2-LOAD POSITION EYE PE-2 FAULTED (565),STRETCH WRAP 2,3,2.483333333
577 - MP PACKER REQUEST OUT OF SERVICE (577),Maxim Packer,3,0.65
578 - SW1-LOAD IS BLOCKING EYE PE-2 IS FAULTED (578),STRETCH WRAP 1,3,2.633333333
593 - FL BRAND MISMATCH OVERRIDE ACTIVATED (593),FILLER,3,741.9333333
603 - AL DEBAGGER LANE A LID COLOR MISMATCH (603),ALF DEBAGGER,3,7
603 - PS *ZONE 10 LO SPRAY PRESS-ZONE 2 SCREENS(603),PASTEURIZER,3,211.1166667
614 - DC2-VFD DRIVE FAULT (614),WOOD OUT,3,17.23333333
625 - MP CLEAN OFF OPEN FLAP REFLECTORS (625),Maxim Packer,3,0.983333333
628 - BP ANTON PAAR DUMP LOCKED BY BREWING (628),BEER PIPE,3,27.45
640 - MP BALER CHECK INLET CHUTE ON DOOR EE1 (640),Maxim Packer,3,56.9
648 - BP SV10L-30507 BRW CIP SPLY VLV NOT OPEN(648),BEER PIPE,3,26.38333333
"686 - DP NO AIR AT DEBANDER, CHECK HAND VALVES(686)",DEPALLETIZER,3,7.216666667
724 - PS PASTEURIZER BED SPEED OUT OF LIMIT (724),PASTEURIZER,3,27.61666667
760 - MP FC COMB OFF @ 12/12 (CST10F30B INFD) (760),Maxim Packer,3,9.733333333
799 - SW1-DISCHARGE BACKED AT SW (799),STRETCH WRAP 1,3,1208.433333
7 - FC1-E-STOP PRESSED AT CST10F20B (7),FULL CAN 1,3,33.31666667
96 - DB1-MT10DB-3 STOPPED BUT AUX CONTACT CLOSED(96),DELIVERY BELT 1,3,0.583333333
97 - DC2-AC-04 NOT IN AUTO MODE (97),WOOD OUT,3,74.71666667
98 - EC TT10E-5 NOT IN AUTO AT EEP10E1 (98),EMPTY CAN,3,8.416666667
99 - DC2-AC-08 NOT IN AUTO MODE (99),WOOD OUT,3,7.65
100 - DB2-MT10DB-37 NOT IN AUTO AT CST10DB37 (100),DELIVERY BELT 2,2,0.083333333
102 - FC1-VSD10F-8 NOT IN AUTO AT EEP10F1 (102),FULL CAN 1,2,0.3
102 - FC2 TT10F-31 NOT IN AUTO EEP10F2 (102),FULL CAN 2,2,30.43333333
103 - DB1-MT10DB-10 STOPPED BUT AUX CONTACT CLOSED(103),DELIVERY BELT 1,2,0.35
109 - FC1-VSD10F-16 NOT IN AUTO AT EEP10F1 (109),FULL CAN 1,2,2
112 - RS AB10E-12 NOT IN AUTO AT EEP10E1 (112),RINSER,2,55.7
113 - DB1-MT10DB-23 STOPPED BUT AUX CONTACT CLOSED(113),DELIVERY BELT 1,2,0.05
114 - FC2 TT10F-37 NOT IN AUTO AT WKS (114),FULL CAN 2,2,563.3666667
174 - FL PLC RACK 16 FAULT (174),FILLER,2,601.4
17 - FY E-STOP CST10Y1 (17),FILLER CONV,2,0.233333333
19 - PL2-PX-GS2 SAFETY GATE #2 OPEN (19),PALLETIZER 2,2,1.3
22 - DC2-SAFETY FENCE WEST DEPAL OUTFEED FLT (22),WOOD OUT,2,2.533333333
239 - SW1-ME10SW1 READ OF PAL1-E-NET COMM FAIL (239),STRETCH WRAP 1,2,13.98333333
256 - DB1-SDN #1 BLOCK TRANSFER 52 READ ERROR (256),DELIVERY BELT 1,2,268.65
2 - DP E-STOP PRESSED DUNNAGE CONSOLE (2),DEPALLETIZER,2,4.45
2 - EC E-STOP AT CST10E5 PUSHED (2),EMPTY CAN,2,35.38333333
33 - DP HOIST DOORS NOT CLOSED (33),DEPALLETIZER,2,17.66666667
39 - CL DOOR SW #7 HARD WIRED/STATUS CONFLICT (39),SEAMER,2,1.783333333
423 - CN CARTON FEED RAISED FAULT (423),2/12 Packer,2,15.4
423 - PL1-E-Z3S BLOCKED TOO LONG ALARM (423),PALLETIZER 1,2,1.866666667
424 - CJ TRANSFER FAULT (424),12/12 Packer,2,144.9166667
424 - PL1 PALLET TINES RETRACT TO LONG WARNING (424),PALLETIZER 1,2,1.083333333
430 - DP INFEED CONV #2 DWNSTRM PE BLKD PASS (430),DEPALLETIZER,2,3.016666667
455 - DP DISCHARGE CNVR #2 JAM WHILE PASSING (455),DEPALLETIZER,2,11.15
456 - DP PALLET JAMMED AT DISCH FROM HOIST (456),DEPALLETIZER,2,7.183333333
484 - FY MOTOR TT10Y-2 FAULTED (484),FILLER CONV,2,8.683333333
487 - DP INFEED CNVR #3 DRIVE FAULT (487),DEPALLETIZER,2,7.05
488 - DP INFEED CNVR #4 DRIVE FAULT (488),DEPALLETIZER,2,3.133333333
489 - DP INFEED CNVR #5 DRIVE FAULT (489),DEPALLETIZER,2,2.116666667
489 - FC1-VSD10F-10 FAULTED (489),FULL CAN 1,2,7.716666667
489 - SW2-MS10SW21-11 CONVEYOR 11 FAULT (489),STRETCH WRAP 2,2,0.5
491 - DB3-VSD10DB3-71(VSD50DB1-51) DRIVE FAULT (491),DELIVERY BELT 3,2,7.433333333
493 - RS AIR BLOWER AB10E-9 FAULTED (493),RINSER,2,42.83333333
494 - SW1-MS10SW12-18 CONVEYOR 18 FAULTED (494),STRETCH WRAP 1,2,255.4333333
499 - DB2-MOTOR MS-33A FAILED TO RUN (499),DELIVERY BELT 2,2,0.033333333
519 - DP PALLET NOT DETECTED (519),DEPALLETIZER,2,10.11666667
527 - SW2-8 TO 9 JAM DETECTED EAST EXT (527),STRETCH WRAP 2,2,102.9
538 - AL2-MAIN ELEVATOR DOWN FAULT (538),ALF LID DEPAL,2,2.95
547 - AL2-LID DEPAL VACUUM GENERATOR ENABLE (547),ALF LID DEPAL,2,47.05
559 - SW1-XFER PROX SWITCH FAULT M10SW12-17 (559),STRETCH WRAP 1,2,234.35
560 - DP RAISE SWEEP GATE TO RETRACT SWEEP (560),DEPALLETIZER,2,3.6
562 - MP SAFE MODE SELECT AT INFEED REDIPANEL (562),Maxim Packer,2,8.833333333
564 - SW2-oUTFEED EYE PE-3 IS FAULTED (564),STRETCH WRAP 2,2,0.1
565 - SW1-LOAD POSITION EYE PE-2 DEFECTIVE (565),STRETCH WRAP 1,2,2.783333333
567 - DB2-CASES JAMMED AT 10DB-43 (567),DELIVERY BELT 2,2,4.216666667
567 - DP CLOSE WALLS TO RAISE HOIST (567),DEPALLETIZER,2,1.116666667
569 - PL1-DISCHARGE FAILURE ALARM (569),PALLETIZER 1,2,5.566666667
574 - DC2-T-CAR DROP AT DEPAL INFEED JAM (574),WOOD OUT,2,4.166666667
575 - SW1-INFD AUTO SHUTDWN EYE PE-5 EYE FLT (574),STRETCH WRAP 1,2,2.783333333
576 - SW1-OUTFD AUTO SHUTDWN EYE PE-6 EYE FLT (576),STRETCH WRAP 1,2,0.983333333
582 - DB3-CASE COUNT EYE NO SIGNAL FAULT (582),DELIVERY BELT 3,2,17.88333333
583 - AL LANE B SHUTTER LOWER MOTION (583),ALF DEBAGGER,2,3.766666667
615 - AL2-VACUUM CUP L.H CYLINDER MOTION (615),ALF LID DEPAL,2,1.783333333
627 - DB3-CASES JAMMED AT 10DB3-70 (627),DELIVERY BELT 3,2,5.483333333
629 - PS *ZONE 6 HIGH TEMP FAULT (629),PASTEURIZER,2,27.25
638 - MP L10 BALER L2 & L4 FAILURE (638),Maxim Packer,2,7.916666667
667 - DP TO PV NO POWER (667),DEPALLETIZER,2,0.033333333
671 - CL UNDERCOVER GAS LOW HIGH SPEED ALARM (671),SEAMER,2,1.7
67 - FL HT ADJ CRD NOT IN MTR SOCKET (67),FILLER,2,43
690 - DP CUTTER RETRACT JAM (690),DEPALLETIZER,2,13.98333333
691 - DP HEAD NOT ROTATED NEAR CHOPPER (691),DEPALLETIZER,2,6.75
799 - SW2-DISCHARGE BACKED UP SW (799),STRETCH WRAP 2,2,0.35
85 - PS SPRAY PUMP 6 NOT IN AUTO @ WKS (85),PASTEURIZER,2,0.533333333
96 - DC2-AC-02 NOT IN AUTO MODE (96),WOOD OUT,2,5.616666667
98 - DB2-MT10DB-35 NOT IN AUTO AT CST10DB35 (98),DELIVERY BELT 2,2,0.033333333
98 - FC2 TT10F-37 NOT IN AUTO EEP10F2 (98),FULL CAN 2,2,0.066666667
100 - EC TT10E-6 NOT IN AUTO AT EEP10E1 (100),EMPTY CAN,1,0.05
100 - FC1-VSD10F-6 NOT IN AUTO AT EEP10F1 (100),FULL CAN 1,1,0.016666667
100 - FC2 TT10F-29 NOT IN AUTO EEP10F2 (101),FULL CAN 2,1,0.016666667
101 - FC2 TT10F-30 NOT IN AUTO EEP10F2 (101),FULL CAN 2,1,0.516666667
103 - DB2-MT10DB-40 NOT IN AUTO AT CST10DB40 (103),DELIVERY BELT 2,1,0.016666667
103 - FC2 TT10F-32 NOT IN AUTO EEP10F2 (103),FULL CAN 2,1,0.033333333
104 - FC1-VSD10F-10 NOT IN AUTO AT EEP10F1 (104),FULL CAN 1,1,0.016666667
104 - RS VP10E-8 NOT IN AUTO AT EEP10E1 (104),RINSER,1,0.15
106 - FC2 TT10F-35 NOT IN AUTO EEP10F2 (106),FULL CAN 2,1,0.133333333
107 - FC2 TT10F-36 NOT IN AUTO EEP10F2 (107),FULL CAN 2,1,0.783333333
10 - FC1-EEP10F1 CONTROL POWER OFF (10),FULL CAN 1,1,0.15
116 - FC2 TT10F-29 NOT IN AUTO AT WKS (116),FULL CAN 2,1,0.016666667
1170 - MP AXIS 2 DRIVE HARD FAULT FAULT (1170),Maxim Packer,1,1.066666667
1171 - MP AXIS 3 DRIVE HARD FAULT FAULT (1171),Maxim Packer,1,0.15
119 - FC1-MOTOR TT10F-2 NOT IN AUTO AT WKS (119),FULL CAN 1,1,428.1833333
127 - DB2-MT10DB-44 NOT IN AUTO AT WKS (127),DELIVERY BELT 2,1,0.05
128 - FC2 VSD10F-30 NOT IN AUTO CST10F30B (128),FULL CAN 2,1,0.016666667
13 - DB1-E-STOP PRESSED AT CST10DB32A (13),DELIVERY BELT 1,1,0.016666667
147 - FC1-FILTEC #1 FAULTED (147),FULL CAN 1,1,14.11666667
151 - FC1-ACT10F-3 NOT IN AUTO AT EEP10F1 (151),FULL CAN 1,1,0.05
1620 - MP AXIS 4 POSITION ERROR FAULT (1620),Maxim Packer,1,247.4
167 - DC2-RACK 7 FAULTED (167),WOOD OUT,1,1.166666667
168 - FL PLC LOST COMM FILLER/CLOSER-RACK 10 (168),FILLER,1,0.25
16 - FY E-STOP EEP10Y1 (16),FILLER CONV,1,0.133333333
18 - FY E-STOP CST10Y6 (18),FILLER CONV,1,0.116666667
1 - DB2-E-STOP PRESSED AT MOTOR 39 (1),DELIVERY BELT 2,1,0.016666667
1 - DC2-AC-02 AIR CHAIN E-STOP PULL CORD (1),WOOD OUT,1,0.6
1 - EC E-STOP AT CST10E1 PUSHED (1),EMPTY CAN,1,0.016666667
1 - FC1-E-STOP PRESSED AT CST10F4 (1),FULL CAN 1,1,1
1 - FC2 E-STOP PRESSED AT CST10F26 (1),FULL CAN 2,1,0.016666667
1 - PS E-STOP PRESSED AT INFEED CSTP1 (1),PASTEURIZER,1,0.533333333
23 - DB3-E-STOP PRESSED AT CST10DB3-3 (23),DELIVERY BELT 3,1,0.05
241 - DB2-SDN #1 BLOCK XFER 62 WRITE FAULT (241),DELIVERY BELT 2,1,0.933333333
245 - PS *BLOCK XFER ERR AN OUT 1771-OFE 0/2/0 (245),PASTEURIZER,1,83.08333333
24 - DB3-E-STOP PRESSED AT CST10DB3-4 (24),DELIVERY BELT 3,1,0.016666667
25 - DB3-E-STOP PRESSED AT CST10DB3-5 (25),DELIVERY BELT 3,1,5.616666667
2 - DC2-AC-04 AIR CHAIN E-STOP PULL CORD (2),WOOD OUT,1,27.73333333
2 - FC1-E-STOP PRESSED AT CST10F9 (2),FULL CAN 1,1,28.03333333
33 - SW1-SAFETY GATE #1 OPEN LS1 (33),STRETCH WRAP 1,1,1.45
39 - AL DEBAGGER INFEED GUARD L.H.5 OPEN (39),ALF DEBAGGER,1,0.65
3 - RS E-STOP AT CST10E7 PUSHED (3),RINSER,1,0.1
418 - DB3-SDN #1 CHANNEL A DEVICE IDLE (418),DELIVERY BELT 3,1,0.116666667
41 - CL DOOR SW #5R HARD WIRED/STATUS CONFLICT(41),SEAMER,1,2.316666667
435 - DP INFEED CONV #7 DWNSTRM PE BLKD PASS (435),DEPALLETIZER,1,0.383333333
459 - DP LOAD/UNLD CNV 2 JAM MOVING LOAD (459),DEPALLETIZER,1,10.4
45 - AL DEBAGGER INFEED R.H.5 GUARD OPEN (45),ALF DEBAGGER,1,2.25
465 - EC TT10E-5 CONVEYOR FAULTED (465),EMPTY CAN,1,1.066666667
465 - SW1-CONVEYOR #33 FAULTED (465),STRETCH WRAP 1,1,169.1333333
480 - CN VFD-1 INFEED DRIVE FAULT (480),2/12 Packer,1,0.016666667
481 - FC1-VSD10F-2 FAULTED (481),FULL CAN 1,1,0.1
482 - DB1-MT10DB-10 MOTOR FAULT (482),DELIVERY BELT 1,1,0.2
482 - PL1-DIVIDER FREQUENCY FAULT (482),PALLETIZER 1,1,6.3
482 - PS *SPRAY PUMP 3 FAULT (482),PASTEURIZER,1,0.366666667
484 - PS *SPRAY PUMP 5 FAULT (484),PASTEURIZER,1,0.183333333
486 - FC1-VSD10F-7 FAULTED (486),FULL CAN 1,1,1.383333333
486 - FC2 VSD10F-31 FAULT (486),FULL CAN 2,1,0.083333333
486 - SW2-MS10SW21-10 CONVEYOR 10 FAULT (486),STRETCH WRAP 2,1,2.45
487 - FY MOTOR TT10Y-5 FAULTED (487),FILLER CONV,1,0.1
488 - FY MOTOR TT10Y-6 FAULTED (488),FILLER CONV,1,10.85
489 - FY MOTOR TT10Y-7 FAULTED (489),FILLER CONV,1,41.75
491 - PS *SPRAY PUMP 10 FAULT (491),PASTEURIZER,1,0.766666667
492 - DB2-MOTOR MS-45 FAILED TO RUN (492),DELIVERY BELT 2,1,16.86666667
492 - SW1-MS10SW12-16 CONVEYOR 16 FAULTED (492),STRETCH WRAP 1,1,53.66666667
493 - FY MOTOR TT10Y-11 FAULTED (493),FILLER CONV,1,3.45
494 - DB1-MT10DB-22 MOTOR FAULT (494),DELIVERY BELT 1,1,6.666666667
494 - FY MOTOR TT10Y-12 FAULTED (494),FILLER CONV,1,4.266666667
497 - DP CHOPPER DRIVE FAULTED (497),DEPALLETIZER,1,0.316666667
499 - PS *UPR BELT BED SHAFT NOT ROTATING (499),PASTEURIZER,1,0.883333333
4 - FC1-E-STOP PRESSED AT CST10F20 (4),FULL CAN 1,1,0.533333333
501 - DB1-MT10DB-29 MOTOR FAULT (501),DELIVERY BELT 1,1,0.566666667
503 - DB2-MOTOR MS-34 VSD DRIVE FAULTED (503),DELIVERY BELT 2,1,13.93333333
504 - DB1-MT10DB-32 MOTOR FAULT (504),DELIVERY BELT 1,1,0.016666667
506 - DB2-MOTOR MS-51 VSD DRIVE FAULTED (506),DELIVERY BELT 2,1,29.43333333
512 - PS *HE45P-5 PUMP FAULT (512),PASTEURIZER,1,2.366666667
514 - PS *HE45P-7 PUMP FAULT (514),PASTEURIZER,1,0.066666667
514 - SW1-5 TO 6 JAM DETECTED (514),STRETCH WRAP 1,1,172.25
514 - SW2-5 TO 6 JAM DETECTED (514),STRETCH WRAP 2,1,0.133333333
517 - DB2-CONV DS-38 DISCONNECT SWITCH OPEN (517),DELIVERY BELT 2,1,19.51666667
518 - DB2-CONV DS-39 DISCONNECT SWITCH OPEN (518),DELIVERY BELT 2,1,7.683333333
519 - DB2-CONV DS-40 DISCONNECT SWITCH OPEN (519),DELIVERY BELT 2,1,8.5
520 - DB2-CONV DS-41 DISCONNECT SWITCH OPEN (520),DELIVERY BELT 2,1,12.81666667
521 - DB2-CONV DS-42 DISCONNECT SWITCH OPEN (521),DELIVERY BELT 2,1,1.1
523 - DB2-CONV DS-44 DISCONNECT SWITCH OPEN (523),DELIVERY BELT 2,1,0.066666667
525 - SW1-16 TO 17 JAM DETECTED (525),STRETCH WRAP 1,1,0.1
527 - SW1-18 TO 19A JAM DETECTED (527),STRETCH WRAP 1,1,28.98333333
528 - DB2-CONV DS-49 DISCONNECT SWITCH OPEN (528),DELIVERY BELT 2,1,0.033333333
528 - DP FRAME CARRIAGE JAM WHILE RETRACTING (528),DEPALLETIZER,1,0.016666667
530 - DP FRAME DID NOT DROP INTO FRAME BIN (530),DEPALLETIZER,1,0.3
530 - SW2-11 TO 12A JAM DETECTED EAST EXT (530),STRETCH WRAP 2,1,0.116666667
532 - SW2-12B TO 13 JAM DETECTED EAST EXT (532),STRETCH WRAP 2,1,0.066666667
535 - SW2-15 TO 16 JAM DETECTED (535),STRETCH WRAP 2,1,0.05
536 - SW2-16 TO 17 JAM DETECTED (536),STRETCH WRAP 2,1,0.083333333
539 - AL2-PARTIAL PALLET CONVEYOR FAULT (539),ALF LID DEPAL,1,1.416666667
539 - SW2-19 TO 20 JAM DETECTED (539),STRETCH WRAP 2,1,17.2
53 - MP GUARD DOOR 17 OPEN (53),Maxim Packer,1,4.1
541 - AL2-INSIDE MAGAZINE CONVEYOR FAULT (541),ALF LID DEPAL,1,6.383333333
541 - DP SHEET HOIST RAISED W/O PALLET (541),DEPALLETIZER,1,0.7
544 - SW1-19A TO 19B JAM DETECTED (544),STRETCH WRAP 1,1,0.033333333
555 - SW1-CST10SW14-30 NOT IN AUTO (555),STRETCH WRAP 1,1,0.666666667
558 - SW2-XFER PROX SWITCH FLT M10SW21-8 (558),STRETCH WRAP 2,1,0.55
560 - AL BAG REMOVAL NOT COMPLETE FAULT (560),ALF DEBAGGER,1,1.766666667
563 - PS LOAD CELL EAST UPR DECK LOW LOAD FLT (563),PASTEURIZER,1,0.716666667
564 - PL2-HOIST LOWERED TOO LONG ALARM (564),PALLETIZER 2,1,1.833333333
567 - SW1-LOW LOAD DETECTION EYE PE-8 DEFECTVE (567),STRETCH WRAP 1,1,0.2
569 - DP OPEN HOIST WALLS TO RUN INFD CNVR #1 (569),DEPALLETIZER,1,0.366666667
576 - DC2-T-CAR DROP AT WOODOUT JAM (576),WOOD OUT,1,3.583333333
577 - SW2-CARRIAGE FAULT OPEN (577),STRETCH WRAP 2,1,0.35
580 - DB3-CASE COUNT EYE EE10DB3-61-B DEVIATION(580),DELIVERY BELT 3,1,2.866666667
582 - MP DIVERTER LOW AIR PRESSURE (582),Maxim Packer,1,0.283333333
586 - DP SWP OR SHT CARR NOT IN POS FOR PRGE (586),DEPALLETIZER,1,0.066666667
587 - DP PURGE SHT TO EXTEND SWEEP (587),DEPALLETIZER,1,3.25
591 - AL1-DEBAGGER BAG TRANSFER #4 CONV JAM (591),ALF CONVEYOR,1,2.666666667
592 - FL BEER BRAND MISMATCH (592),FILLER,1,1.916666667
592 - PL1-PX-HB2 FAILED OR IS OUT OF POSITION (592),PALLETIZER 1,1,0.3
594 - SW1-VFD-4 DRIVE FAULT (594),STRETCH WRAP 1,1,0.2
5 - RS E-STOP AT CST10ER PUSHED (5),RINSER,1,20.35
601 - AL1-DEBAGGER BAG TRANSFER #6 CONV JAM (601),ALF CONVEYOR,1,2.733333333
610 - AL2-EMPTY PALLET MAGAZINE CYCLE FAULT (610),ALF LID DEPAL,1,2.7
616 - AL2-VACUUM CUP R.H CYLINDER MOTION (616),ALF LID DEPAL,1,1.7
621 - BP BALLING ABOVE UPPER LIMIT ALARM (621),BEER PIPE,1,0.533333333
622 - BP BALLING BELOW LOWER LIMIT ALARM (622),BEER PIPE,1,0.883333333
625 - DB3-CASES JAMMED AT 10DB3-72 (625),DELIVERY BELT 3,1,3.8
629 - MP GLUE HEAD MISALIGNED SOUTH/EAST (629),Maxim Packer,1,22.65
631 - MP GLUE HEAD MISALIGNED SOUTH/WEST (631),Maxim Packer,1,6.416666667
64 - FL FILLER IN SAFE MODE (64),FILLER,1,0.116666667
656 - CL CAM OFF SEAM LS PANELVIEW ALARM (656),SEAMER,1,6.666666667
660 - CL TRANSFER FEED CHAIN LS PNLVW ALM (660),SEAMER,1,32.28333333
662 - DP TO PV DOOR 4 OPEN (662),DEPALLETIZER,1,0.55
"663 - CL SERVICE DOOR OPEN, LID FEED SIDE (663)",SEAMER,1,1.566666667
665 - DP TO PV DOOR 7 OPEN (665),DEPALLETIZER,1,0.1
672 - PS *HE45P-5 PRESSURE FAULT (672),PASTEURIZER,1,6.516666667
680 - DP TO PV REV OVER-TRAVEL X-AXIS (680),DEPALLETIZER,1,6.316666667
683 - DP CLAMPS JAM (683),DEPALLETIZER,1,4.633333333
687 - DP RAISE CUTTER/CLAMP JAM (687),DEPALLETIZER,1,0.6
693 - DP Y-AXIS JAM (693),DEPALLETIZER,1,3.8
6 - MP PHS-E-STOP AT MP3_CST1 (6),Maxim Packer,1,0.133333333
6 - RS E-STOP AT CST10E12 PUSHED (6),RINSER,1,0.133333333
701 - CL N2 XV4 EAST PRESS VLV FAILED TO CLOSE(701),SEAMER,1,1.333333333
704 - AL3-LID GAP AT LANE A FILLER VEE TRAY (704),ALF V-TRAY,1,0.15
704 - MP AXIS4 OVERHEAD SQ SERVO FAULT (704),Maxim Packer,1,0.1
753 - MP JOG MODE SELECT AT INFEED REDIPANEL (753),Maxim Packer,1,41.81666667
75 - FL COUNTER PRESS. CAM NOT IN AUTO (75),FILLER,1,1.783333333
880 - MP AXIS5 CARTON FEED DRIVE FAULTED (880),Maxim Packer,1,86.8
8 - DB1-E-STOP PRESSED AT CST10DB18 (8),DELIVERY BELT 1,1,0.016666667
8 - MP PHS-E-STOP AT MP3_CST3 (8),Maxim Packer,1,1.1
97 - DB1-MT10DB-4 STOPPED BUT AUX CONTACT CLOSED(97),DELIVERY BELT 1,1,0.016666667
98 - DC2-AC-06 NOT IN AUTO MODE (98),WOOD OUT,1,0.266666667
98 - FC1-VSD10F-4 NOT IN AUTO AT EEP10F1 (98),FULL CAN 1,1,0.45