	Equipment Name	Short Name	Count of Faults
0	128 - CN MACHINE NOT IN AUTO (128)	2/12 Packer	6450.0
1	596 - MP L SHAPED CARTON (596)	Maxim Packer	6351.0
2	79 - FL CAN STOP NOT IN AUTO (79)	FILLER	5315.0
3	674 - FL FILLER IS NOT RUNNING (674)	FILLER	3382.0
4	595 - AL3-LANE B FLR INFD INVERTED END DETECT (595)	ALF V-TRAY	3057.0
5	594 - AL3-LANE A FLR INFD INVERTED END DETECT (594)	ALF V-TRAY	2998.0
6	0 - PL1-CS-M MAIN E-STOP PUSHED ALARM (0)	PALLETIZER 1	2966.0
7	148 - CJ HMU NOT READY FAULT (148)	12/12 Packer	2885.0
8	545 - DP SHEET RAKE DID NOT RAISE (545)	DEPALLETIZER	2874.0
9	418 - CJ FALLEN CAN FAULT (418)	12/12 Packer	2391.0
10	31 - SW1-CONTROL POWER IS OFF (31)	STRETCH WRAP 1	2185.0
11	589 - MP LOW CARTON SUPPLY FAULT (589)	Maxim Packer	2092.0
12	597 - MP MISSING CARTON (597)	Maxim Packer	2025.0
13	661 - CL SEAMER INTERNAL JAM LS PNLVW ALM (661)	SEAMER	2005.0
14	572 - SW1-BROKEN FILM DETECTED (572)	STRETCH WRAP 1	2000.0
15	657 - CL SEAMER DISCHARGE TABLE JAM PX10L30714(657)	SEAMER	1938.0
16	562 - RS WEST(RIGHT) LANE RINSER JAM (562)	RINSER	1866.0
17	419 - CJ LASER CODER FAULT (419)	12/12 Packer	1859.0
18	37 - MP GUARD DOOR 1 OPEN (37)	Maxim Packer	1857.0
19	66 - AL2-LID DEPALL NOT IN AUTO MODE (66)	ALF LID DEPAL	1737.0
20	112 - MP FALLEN CAN LOWER TIER LANE 1 (112)	Maxim Packer	1585.0
21	40 - MP GUARD DOOR 4 OPEN (40)	Maxim Packer	1473.0
22	572 - FC1-EAST COMBINER JAM FAULT (572)	FULL CAN 1	1425.0
23	31 - SW2-CONTROL POWER OFF (31)	STRETCH WRAP 2	1318.0
24	67 - AL2-LID DEPALL NOT IN AUTO START MODE (67)	ALF LID DEPAL	1309.0
25	563 - RS EAST(LEFT) LANE RINSER JAM (563)	RINSER	1216.0
26	424 - CN TRANSFER FAULT (424)	2/12 Packer	1195.0
27	588 - MP SLIP SHEET MISSING (588)	Maxim Packer	1182.0
28	0 - PL2-CS-M MAIN E-STOP PUSHED ALARM (0)	PALLETIZER 2	1171.0
29	640 - AL2-PACK ELEVATOR JAM (640)	ALF LID DEPAL	1094.0
30	575 - AL LANE A/B LOWER SHUTTER NOT FULL FLT (575)	ALF DEBAGGER	1055.0
31	564 - FC1-FILTEC 3&4 LANE JAM (564)	FULL CAN 1	1007.0
32	417 - CJ OPEN FLAP FAULT (417)	12/12 Packer	974.0
33	41 - MP GUARD DOOR 5 OPEN (41)	Maxim Packer	966.0
34	614 - PS HOT ZONE LOW TEMP FAULT (614)	PASTEURIZER	966.0
35	771 - MP DEL BELT DWN CYCLE STOP AUTO RESTART (771)	Maxim Packer	938.0
36	634 - BP FILLER GATE NOT ENABLED FROM BREWING (634)	BEER PIPE	922.0
37	603 - MP INCOMPLETE GLUE PATTERN AT DISCHARGE (603)	Maxim Packer	890.0
38	123 - MP FALLEN CAN UPPER TIER LANE 6 (123)	Maxim Packer	861.0
39	707 - RS EAST & WEST LANES (12OZ) LOW WTR FLW (707)	RINSER	841.0
40	608 - RS FOREIGN LIQUID ALARM WEST LANE (608)	RINSER	825.0
41	448 - MP AXIS2 FLAP CLOSER (OS) SERVO FAULT (448)	Maxim Packer	805.0
42	594 - MP UPR TIER SHORT COUNT DETECT (594)	Maxim Packer	796.0
43	609 - RS FOREIGN LIQUID ALARM EAST LANE (609)	RINSER	792.0
44	39 - MP GUARD DOOR 3 OPEN (39)	Maxim Packer	749.0
45	1 - PL1-CS-DC DISCHARGE E-STOP PUSHED ALARM (1)	PALLETIZER 1	745.0
46	864 - MP AXIS5 CARTON FEED SERVO FAULT (864)	Maxim Packer	719.0
47	572 - SW2-BROKEN FILM DETECTED (572)	STRETCH WRAP 2	714.0
48	1714 - MP AXIS 2 TORQUE OVERLOAD FAULT (1714)	Maxim Packer	672.0
49	547 - DP FRAME REMOVER DID NOT RAISE (547)	DEPALLETIZER	670.0
50	758 - AL2-LID DEPALL CYCLE PROCESS FAULT (758)	ALF LID DEPAL	670.0
51	755 - CN DISCHARGE BACKUP (755)	2/12 Packer	668.0
52	798 - MP LOW PRIME (798)	Maxim Packer	637.0
53	100 - DC2-AC-12 NOT IN AUTO MODE (100)	WOOD OUT	609.0
54	656 - RS CAN GAP AT FILLER INFEED (656)	RINSER	609.0
55	687 - FL MTBF ACTIVE EVENT WARNING (687)	FILLER	606.0
56	590 - MP DIVERTER JAM CYCLE STOP (590)	Maxim Packer	595.0
57	598 - AL DEBAGGER LANE A DISCHARGE JAM (598)	ALF DEBAGGER	564.0
58	512 - DP SHEET NOT DETECTED (512)	DEPALLETIZER	545.0
59	122 - MP FALLEN CAN UPPER TIER LANE 5 (122)	Maxim Packer	544.0
60	768 - CJ INTERNAL CYCLE STOP (768)	12/12 Packer	531.0
61	560 - PL1-LOAD OUT OF PLUMB (560)	PALLETIZER 1	528.0
62	575 - PL1 HOIST BLOCK IS OUT OF POSITION (575)	PALLETIZER 1	526.0
63	64 - DP MACHINE NOT IN AUTO (64)	DEPALLETIZER	526.0
64	599 - AL DEBAGGER LANE B DISCHARGE JAM (599)	ALF DEBAGGER	517.0
65	44 - MP GUARD DOOR 8 OPEN (44)	Maxim Packer	515.0
66	572 - MP 3 CONSECUTIVE OPEN OUTER FLAPS (572)	Maxim Packer	502.0
67	569 - SW1-CARRIAGE IS NOT AT HOME (569)	STRETCH WRAP 1	494.0
68	51 - AL2-MAIN LIFT LIGHT CURTAIN BROKEN (51)	ALF LID DEPAL	492.0
69	146 - CJ MISSING CARTON (146)	12/12 Packer	486.0
70	704 - RS WEST RINSER WATER PRESSURE LOW (704)	RINSER	477.0
71	775 - MP REJECT CONVEYOR FULL (775)	Maxim Packer	462.0
72	670 - DP CHPPR FEEDING NOT COMPLTE FROM MN PV (670)	DEPALLETIZER	449.0
73	564 - AL LANE B NO ENDS PRESENT (564)	ALF DEBAGGER	443.0
74	582 - DB1-CARTON TURNER JAM AT MT10DB 21 (582)	DELIVERY BELT 1	431.0
75	560 - DC2-GENERAL BCR FAULT (560)	WOOD OUT	429.0
76	22 - PL1-E-9C SAFETY EYE IS BLOCKED (22)	PALLETIZER 1	426.0
77	114 - MP FALLEN CAN LOWER TIER LANE 3 (114)	Maxim Packer	419.0
78	426 - PL2 CS-M INFEED OFF/ON SWITCH TURNED OFF (426)	PALLETIZER 2	411.0
79	23 - PL1-E-9D SAFETY EYE IS BLOCKED (23)	PALLETIZER 1	409.0
80	576 - PL2-HOIST BLOCK IS OUT OF POSITION (576)	PALLETIZER 2	407.0
81	96 - DP CONVEYORS NOT IN AUTO (96)	DEPALLETIZER	403.0
82	140 - FC1-TT10F-1 & 12 NOT IN AUTO CST10P2 (140)	FULL CAN 1	390.0
83	570 - PL2-LOW AIR DETECTED ALARM (570)	PALLETIZER 2	384.0
84	116 - MP FALLEN CAN LOWER TIER LANE 5 (116)	Maxim Packer	383.0
85	562 - AL LANE A NO ENDS PRESENT (562)	ALF DEBAGGER	383.0
86	577 - FC1 WEST COMBINER PAN FULL (577)	FULL CAN 1	373.0
87	566 - RS WEST (RIGHT) LN TWIST COMBINER JAM (566)	RINSER	369.0
88	591 - PS LOG OUT @ DISCHARGE RESET @ CST-P2 (591)	PASTEURIZER	369.0
89	794 - EC VIDEO JET CODER B ENCODER/DET FAULT (794)	EMPTY CAN	343.0
90	117 - MP FALLEN CAN LOWER TIER LANE 6 (117)	Maxim Packer	335.0
91	9030 - Runout Complete - Begin Interface dump	FILLER	327.0
92	9010 - AutoBrand Change Initiated	FILLER	326.0
93	120 - MP FALLEN CAN UPPER TIER LANE 3 (120)	Maxim Packer	321.0
94	560 - FC1-FILTEC 1&2 LANE JAM (560)	FULL CAN 1	318.0
95	578 - DB1-MERGE JAM ON 24 (578)	DELIVERY BELT 1	318.0
96	9050 - AutoBrand Change Complete	FILLER	316.0
97	9040 - Dump Complete - wait on acknowledge	FILLER	314.0
98	34 - CJ CARTON FEED GUARD OPEN (34)	12/12 Packer	312.0
99	583 - DB1-JAM AT MAXIM PKR INCLINE DB1-27 (583)	DELIVERY BELT 1	309.0
100	577 - PS DISCHARGE BACKUP LOWER DECK FAULT (577)	PASTEURIZER	307.0
101	426 - CJ FUMEX DIFF. PRESSURE FAULT (426)	12/12 Packer	305.0
102	593 - MP UPR TIER 2 CONSCTV SHORT CNTS DETECT (593)	Maxim Packer	300.0
103	0 - CJ E-STOP PRESSED (0)	12/12 Packer	298.0
104	9020 - Brewing Complete - Begin runout	FILLER	294.0
105	625 - AL2-PALLET POSITION CYLINDER MOTION (625)	ALF LID DEPAL	292.0
106	602 - MP LASER CODER NOT READY (602)	Maxim Packer	291.0
107	65 - AL DEBAGGER NOT IN AUTO START (65)	ALF DEBAGGER	289.0
108	565 - PL2-PALLET MISFEED ALARM (565)	PALLETIZER 2	287.0
109	566 - FC1-FILTEC 3&4 ONE FILTEC FAULTED (566)	FULL CAN 1	281.0
110	38 - MP GUARD DOOR 2 OPEN (38)	Maxim Packer	277.0
111	9049 - AutoBrand Change Aborted	FILLER	274.0
112	160 - PL1-RACK 7 1ST 1/4 FLT MAIN REDIPANEL1 (160)	PALLETIZER 1	269.0
113	560 - PL2-LOAD OUT OF PLUMB (560)	PALLETIZER 2	261.0
114	146 - CN MISSING CARTON (146)	2/12 Packer	259.0
115	144 - CJ MISSING LOAD (144)	12/12 Packer	256.0
116	488 - FC1-VSD10F-9 FAULTED (488)	FULL CAN 1	249.0
117	562 - FC1-FILTEC 1&2 ONE FILTEC FAULTED (562)	FULL CAN 1	249.0
118	1 - PL2-CS-DC DISCHARGE E-STOP PUSHED ALARM (1)	PALLETIZER 2	244.0
119	579 - MP RUNOUT IN PROGRESS ALIGN CANS, INFEED(579)	Maxim Packer	241.0
120	32 - CJ DRYING CONVEYOR GUARD OPEN (32)	12/12 Packer	238.0
121	433 - CJ SHORT COUNT DETECTED (433)	12/12 Packer	238.0
122	574 - MP FC COMBINER OFF @ MAXIM (CST-2 INFD) (574)	Maxim Packer	237.0
123	20 - PL1-E-9A SAFETY EYE IS BLOCKED (20)	PALLETIZER 1	236.0
124	705 - RS EAST RINSER WATER PRESSURE LOW (705)	RINSER	233.0
125	25 - PL2-E-9F SAFETY EYE IS BLOCKED (25)	PALLETIZER 2	232.0
126	18 - PL1-PX-GS1 SAFETY GATE #1 OPEN (18)	PALLETIZER 1	227.0
127	570 - PL1-LOW AIR DETECTED ALARM (570)	PALLETIZER 1	220.0
128	569 - FC1-WEST COMBINER JAM FAULT (569)	FULL CAN 1	219.0
129	576 - FC1 EAST COMBINER PAN FULL (576)	FULL CAN 1	216.0
130	34 - CN CARTON FEED GUARD OPEN (34)	2/12 Packer	214.0
131	560 - DB2-DIVERTER 44/49 JAMMED IN AUTO - NORTH(560)	DELIVERY BELT 2	214.0
132	22 - PL2-E-9C SAFETY EYE IS BLOCKED (22)	PALLETIZER 2	213.0
133	45 - MP GUARD DOOR 9 OPEN (45)	Maxim Packer	213.0
134	32 - AL DEBAGGER INFEED GUARDS OPEN (32)	ALF DEBAGGER	211.0
135	23 - PL2-E-9D SAFETY EYE IS BLOCKED (23)	PALLETIZER 2	206.0
136	416 - CN DISCHARGE JAM (416)	2/12 Packer	203.0
137	611 - MP DOWN CAN AT LOWER TIER STAR #1 (611)	Maxim Packer	203.0
138	566 - FL DISCHARGE JAM (566)	FILLER	201.0
139	584 - MP MISSING TRANSPORT LUG ON LOADER SIDE (584)	Maxim Packer	200.0
140	657 - MP PHS-CARTON PLT STATION 2 ROLLERS JAM (657)	Maxim Packer	199.0
141	509 - DP LOAD RAISED TOO HIGH (509)	DEPALLETIZER	198.0
142	427 - CJ FALLEN CAN LANE 1 (427)	12/12 Packer	196.0
143	43 - MP GUARD DOOR 7 OPEN (43)	Maxim Packer	196.0
144	55 - AL2-MAIN LIFT REAR DOOR SWITCH OPEN (55)	ALF LID DEPAL	195.0
145	33 - CJ GLUE STATION GUARD OPEN (33)	12/12 Packer	194.0
146	35 - CJ TRANSFER GUARD OPEN (35)	12/12 Packer	190.0
147	48 - MP GUARD DOOR 12 OPEN (48)	Maxim Packer	187.0
148	561 - DB2-DIVERTER 44/49 JAMMED IN AUTO - SOUTH(561)	DELIVERY BELT 2	186.0
149	421 - PL1-E-Z2S BLOCKED TOO LONG ALARM (421)	PALLETIZER 1	185.0
150	511 - FC1-BLR10F-9 DEVICE FAULT (511)	FULL CAN 1	185.0
151	565 - PL1-PALLET MISFEED ALARM (565)	PALLETIZER 1	183.0
152	141 - FC1-EAST COMBINER NOT IN AUTO CST10F9 (141)	FULL CAN 1	178.0
153	144 - CN MISSING LOAD (144)	2/12 Packer	176.0
154	160 - PL2-RACK 7 1ST 1/4 FLT MAIN REDIPANEL1 (160)	PALLETIZER 2	176.0
155	579 - PS DISCHARGE BACKUP UPPER DECK FAULT (579)	PASTEURIZER	172.0
156	144 - FC1-WEST COMBINER NOT IN AUTO CST10F20 (144)	FULL CAN 1	170.0
157	118 - MP FALLEN CAN UPPER TIER LANE 1 (118)	Maxim Packer	166.0
158	21 - PL1-E-9B SAFETY EYE IS BLOCKED (21)	PALLETIZER 1	163.0
159	430 - PL2 HIGH FLAP TURNED INFEED OFF (430)	PALLETIZER 2	163.0
160	35 - MP GUARD DOOR 20 OPEN (35)	Maxim Packer	161.0
161	64 - AL DEBAGGER NOT IN AUTO MODE (64)	ALF DEBAGGER	159.0
162	658 - CL DISCHARGE HOLD DOWN BAR LS PNLVW ALM (658)	SEAMER	159.0
163	113 - MP FALLEN CAN LOWER TIER LANE 2 (113)	Maxim Packer	153.0
164	115 - MP FALLEN CAN LOWER TIER LANE 4 (115)	Maxim Packer	153.0
165	467 - DP MESH BELT FAULT (467)	DEPALLETIZER	153.0
166	510 - DP LIGHT CURTAIN BLOCKED (510)	DEPALLETIZER	150.0
167	614 - AL2-PAPER ROLLER CYLINDER MOTION (614)	ALF LID DEPAL	149.0
168	667 - CL FLR/SEAMER XFER CONV LIMIT SW PNLVW (667)	SEAMER	148.0
169	597 - AL LANE B DEBAGGER DISCHARGE NO CAN LID (597)	ALF DEBAGGER	142.0
170	25 - PL1-E-9F SAFETY EYE IS BLOCKED (25)	PALLETIZER 1	137.0
171	417 - CN OPEN FLAP FAULT (417)	2/12 Packer	137.0
172	420 - PL1-LAYER PUSHER RAN TOO LONG ALARM (420)	PALLETIZER 1	134.0
173	42 - MP GUARD DOOR 6 OR 6A OPEN (42)	Maxim Packer	133.0
174	560 - DC1-DISCHARGE CONVEYOR #3 FAULT (560)	DUNNAGE	133.0
175	421 - CJ LOADER FAULT (421)	12/12 Packer	132.0
176	119 - MP FALLEN CAN UPPER TIER LANE 2 (119)	Maxim Packer	130.0
177	432 - DB1-EE10DB-6-A DIVERTER JAM EYE NOT CLEAR(432)	DELIVERY BELT 1	129.0
178	419 - PL1-E-2J BLOCKED TOO LONG ALARM (419)	PALLETIZER 1	127.0
179	587 - MP LOADING JAM (587)	Maxim Packer	127.0
180	33 - CN GLUE STATION GUARD OPEN (33)	2/12 Packer	125.0
181	101 - DC2-AC-14 NOT IN AUTO MODE (101)	WOOD OUT	120.0
182	573 - AL END HOLDUP TRAVEL CYLINDER MOTION (573)	ALF DEBAGGER	116.0
183	425 - CN FLAPSTAR FAULT (425)	2/12 Packer	115.0
184	65 - PS PASTEURIZER STOPPED (65)	PASTEURIZER	111.0
185	16 - AL2-LID DEPALL CONTROL POWER OFF (16)	ALF LID DEPAL	108.0
186	64 - MP PALLET STACKER NOT IN AUTO (64)	Maxim Packer	108.0
187	591 - MP LOWER TIER FALLEN CAN STOP MACHINE (591)	Maxim Packer	106.0
188	118 - DB1-MT10DB-28 STOPPED BUT AUX CONTACT CLOSED(118)	DELIVERY BELT 1	105.0
189	35 - CN TRANSFER GUARD OPEN (35)	2/12 Packer	103.0
190	666 - CL SEAMER HANDWHL ENGAGED LS PNLVW ALM (666)	SEAMER	103.0
191	147 - CJ MISSING CARTON AT MAGAZINE (147)	12/12 Packer	101.0
192	24 - PL2-E-9E SAFETY EYE IS BLOCKED (24)	PALLETIZER 2	100.0
193	495 - DB1-MT10DB-23 MOTOR FAULT (495)	DELIVERY BELT 1	100.0
194	432 - PL1 PUSHER RAN TOO LONG IN HIGH SPEED (432)	PALLETIZER 1	98.0
195	595 - MP DISCHARGE JAM (595)	Maxim Packer	98.0
196	164 - PL1-RACK 10 1ST 1/4 FLT DSCH CNV REDIPNL (164)	PALLETIZER 1	94.0
197	175 - FC1 BLOWER 7 PAST. DISCH IS NOT RUNNING (175)	FULL CAN 1	94.0
198	576 - AL LANE A LID SWEEP CYLINDER MOTION (576)	ALF DEBAGGER	93.0
199	481 - DP SWEEP DRIVE FAULTED (481)	DEPALLETIZER	91.0
200	613 - AL2-PACK PUSHER CYLINDER MOTION (613)	ALF LID DEPAL	91.0
201	24 - PL1-E-9E SAFETY EYE IS BLOCKED (24)	PALLETIZER 1	89.0
202	423 - CJ CARTON FEED RAISED FAULT (423)	12/12 Packer	88.0
203	594 - FL BOWL LEVEL DROP DETECTED-STUCK VALVE (594)	FILLER	88.0
204	633 - BP FL GATE NOT ENABLED FROM BREWIN-NO DT(633)	BEER PIPE	88.0
205	665 - CL SEAMER WASH VLV NOT IN RUN PNLVW ALM (665)	SEAMER	87.0
206	705 - FL HEUFT 5 CONSECUTIVE LOW FILLS (705)	FILLER	87.0
207	167 - AL PLC RACK # 7 FAULTED (167)	ALF DEBAGGER	86.0
208	569 - RS CHUTE JAM AT VP10E-8 VAC TXFR BELT (569)	RINSER	86.0
209	672 - MP AXIS3 FLAP CLOSER (LS) SERVO FAULT (672)	Maxim Packer	84.0
210	755 - DB1-CASE COUNT EYE EE10DB-33-A DEVIATION (755)	DELIVERY BELT 1	84.0
211	788 - EC VIDEO JET CODER A NOT READY (788)	EMPTY CAN	84.0
212	1618 - MP AXIS 2 POSITION ERROR FAULT (1618)	Maxim Packer	83.0
213	539 - DP AT LEAST 1 SHT HOIST ARM DIDNT RTRCT (539)	DEPALLETIZER	83.0
214	608 - AL2-PACK ELEVATOR OVER LOAD FAULT (608)	ALF LID DEPAL	83.0
215	1715 - MP AXIS 3 TORQUE OVERLOAD FAULT (1715)	Maxim Packer	82.0
216	629 - AL2-MAIN LIFT OVERTRAVEL FAULT (629)	ALF LID DEPAL	80.0
217	704 - FY SAMPLING TABLE FULL (704)	FILLER CONV	79.0
218	2 - PL1-CS-PD DISPENSER E-STOP PUSHED ALARM (2)	PALLETIZER 1	78.0
219	631 - AL2-MAIN LIFT PALLET JAM ON CONVEYOR FLT (631)	ALF LID DEPAL	78.0
220	498 - FC1-VSD10F-19 FAULTED (498)	FULL CAN 1	76.0
221	466 - EC TT10E-4 CONVEYOR FAULTED (466)	EMPTY CAN	75.0
222	645 - BP SV10L-30505 FL CIP BLD VLV NOT CLOSED(645)	BEER PIPE	74.0
223	584 - PL1-E-14A, REAR HOIST AREA BLOCKED (584)	PALLETIZER 1	73.0
224	589 - AL1-DEBAGGER BAG TRANSFER #1 CONV JAM (589)	ALF CONVEYOR	73.0
225	96 - EC TT10E-4 NOT IN AUTO AT EEP10E1 (96)	EMPTY CAN	73.0
226	572 - FL HIGH BOWL TEMP - PERFORM WB DUMP (572)	FILLER	72.0
227	586 - AL OFF/AUTO SWITCH REMOTE PENDANT OFF (586)	ALF DEBAGGER	72.0
228	416 - CJ L-SHAPED CARTON FAULT (416)	12/12 Packer	71.0
229	9 - DB1-E-STOP PRESSED AT CST10DB21A (9)	DELIVERY BELT 1	71.0
230	37 - CL DOOR SW #9 HARD WIRED/STATUS CONFLICT (37)	SEAMER	70.0
231	586 - MP MISSING LOADER CAM FOLLOWER (586)	Maxim Packer	69.0
232	789 - EC VIDEO JET CODER B NOT READY (789)	EMPTY CAN	69.0
233	419 - PL2-E-2J BLOCKED TOO LONG ALARM (419)	PALLETIZER 2	68.0
234	606 - MP LOW SLIP SHEET SUPPLY FAULT (606)	Maxim Packer	68.0
235	622 - MP DOWN CAN AT UPPER TIER STAR #6 (622)	Maxim Packer	68.0
236	666 - DP TO PV DOOR 8 OPEN (666)	DEPALLETIZER	68.0
237	793 - EC VIDEO JET CODER A ENCODER/DET FAULT (793)	EMPTY CAN	68.0
238	102 - DC2-T-CAR NOT IN AUTO MODE (102)	WOOD OUT	67.0
239	482 - FY MOTOR TT10Y-1A FAULTED (482)	FILLER CONV	67.0
240	421 - PL2-E-Z2S BLOCKED TOO LONG ALARM (421)	PALLETIZER 2	66.0
241	464 - EC TT10E-6 CONVEYOR FAULTED (464)	EMPTY CAN	66.0
242	549 - DP FRAME REMOVER DID NOT GET FRAME (549)	DEPALLETIZER	66.0
243	572 - AL END HOLDUP PIVOT CYLINDER MOTION (572)	ALF DEBAGGER	66.0
244	481 - PL1-LEFT ROLLER 2 DRIVE FAULT (481)	PALLETIZER 1	64.0
245	561 - PS LOAD CELL WEST LWR DECK LOW LOAD FLT (561)	PASTEURIZER	64.0
246	592 - MP UPR TIER FALLEN CAN STOP MACHINE (592)	Maxim Packer	64.0
247	518 - DP SHEET REMOVER DROPPED SHEET (518)	DEPALLETIZER	63.0
248	20 - PL2-E-9A SAFETY EYE IS BLOCKED (20)	PALLETIZER 2	61.0
249	421 - CN LOADER FAULT (421)	2/12 Packer	60.0
250	529 - DP SHEET REMOVER NOT UP (529)	DEPALLETIZER	60.0
251	1 - SW1-REMOTE-E-STOP PRESSED (1)	STRETCH WRAP 1	59.0
252	3 - MP EMERGENCY STOP AT DISCHARGE (3)	Maxim Packer	59.0
253	613 - MP DOWN CAN AT LOWER TIER STAR #3 (613)	Maxim Packer	59.0
254	425 - CJ FLAPSTAR FAULT (425)	12/12 Packer	58.0
255	434 - DB1-REJECT DVTR DB-06 BLOCK/NO AIR PRESS.(434)	DELIVERY BELT 1	58.0
256	612 - PS *ZONE 5 LOW TEMP FAULT (612)	PASTEURIZER	57.0
257	662 - MP PHS-JAM ON STACKER CONVEYOR (662)	Maxim Packer	57.0
258	21 - PL2-E-9B SAFETY EYE IS BLOCKED (21)	PALLETIZER 2	55.0
259	480 - FC1-VSD10F-1 FAULTED (480)	FULL CAN 1	55.0
260	643 - BP SV10L-30504 FL CIP BLCK VLV NOT CLOSE(643)	BEER PIPE	55.0
261	496 - DB2-MOTOR MS-49 FAILED TO RUN (496)	DELIVERY BELT 2	54.0
262	560 - RS WEST(RIGHT) AIR CONV COMBINER JAM (560)	RINSER	54.0
263	616 - MP DOWN CAN AT LOWER TIER STAR #6 (616)	Maxim Packer	54.0
264	7 - PS PAST STOPPED AT FILLER REDIPANEL (7)	PASTEURIZER	54.0
265	106 - DB2-MT10DB-43 NOT IN AUTO AT CST10DB43 (106)	DELIVERY BELT 2	50.0
266	11 - DB1-E-STOP PRESSED AT CST10DB27A (11)	DELIVERY BELT 1	50.0
267	587 - AL INFEED PUSHER NOT HOME IN AUTO (587)	ALF DEBAGGER	50.0
268	570 - DC2-T-CAR JAM DURING PICK AT RECEIVING (570)	WOOD OUT	49.0
269	588 - AL1-DEBAGGER BAG TRANSFER #2 CONV JAM (588)	ALF CONVEYOR	49.0
270	7 - DC2-E-STOP PUSHED AT REDI-PANEL (7)	WOOD OUT	49.0
271	32 - CN DRYING CONVEYOR GUARD OPEN (32)	2/12 Packer	48.0
272	561 - MP SAFE MODE SELECT AT OPERATOR STATION (561)	Maxim Packer	48.0
273	639 - AL2-REVERSED PALLET DETECTED (639)	ALF LID DEPAL	48.0
274	752 - MP JOG MODE SELECT AT OPERATOR STATION (752)	Maxim Packer	48.0
275	121 - MP FALLEN CAN UPPER TIER LANE 4 (121)	Maxim Packer	47.0
276	484 - MP DAWSON UPR TIER INFD CONV DRV FLT (484)	Maxim Packer	47.0
277	592 - AL1-LID DEPALL TO TRANSFER CONV JAM (592)	ALF CONVEYOR	47.0
278	615 - MP DOWN CAN AT LOWER TIER STAR #5 (615)	Maxim Packer	47.0
279	540 - DP SHEET HOIST JAMMED (540)	DEPALLETIZER	46.0
280	561 - RS EAST(LEFT) AIR CONV COMBINER JAM (561)	RINSER	46.0
281	635 - MP L10 BALER HYDRAULIC FAULT (635)	Maxim Packer	46.0
282	65 - DP DUNNAGE HOISTS NOT IN AUTO (65)	DEPALLETIZER	46.0
283	564 - DB2-DIVERTER 44/49 PERIMETER PE FAULT (564)	DELIVERY BELT 2	45.0
284	564 - EC CONTROL POWER OFF AT EEP10E1 ALARM (564)	EMPTY CAN	45.0
285	572 - PL2-FAULT @ DISCHARGE CONVEYOR (572)	PALLETIZER 2	45.0
286	612 - MP DOWN CAN AT LOWER TIER STAR #2 (612)	Maxim Packer	45.0
287	96 - FC2 TT10F-25 NOT IN AUTO EEP10F2 (96)	FULL CAN 2	45.0
288	0 - FC2 E-STOP PRESSED AT EEP10F2 (0)	FULL CAN 2	44.0
289	1 - SW2-REMOTE E-STOP PRESSED (1)	STRETCH WRAP 2	43.0
290	550 - DP FRAME REMOVER DROPPED FRAME (550)	DEPALLETIZER	43.0
291	49 - MP GUARD DOOR 13 OPEN (49)	Maxim Packer	42.0
292	0 - MP EMERGENCY STOP AT OPERATOR STATION (0)	Maxim Packer	41.0
293	671 - DP TO PV BAND CHOPPER IS NOT RUNNING (671)	DEPALLETIZER	41.0
294	662 - CL SEAMER DRIVE FAULT COND. PNLVW ALM (662)	SEAMER	40.0
295	567 - RS EAST (LEFT) LN TWIST COMBINER JAM (567)	RINSER	39.0
296	646 - BP SV10L-30506 FL CIP DRN VLV NOT OPEN (646)	BEER PIPE	39.0
297	434 - DP INFEED CONV #6 DWNSTRM PE BLKD PASS (434)	DEPALLETIZER	38.0
298	575 - MP 1ST GLUE PHOTOEYE FAILURE (575)	Maxim Packer	38.0
299	759 - DB1-CASE COUNT EYES NO SIGNAL FAULT (759)	DELIVERY BELT 1	38.0
300	419 - DP INFEED CONV #4 JAM MOVING LOAD (419)	DEPALLETIZER	37.0
301	0 - DC2-E-STOP PUSHED AT AREA PANEL DOOR (0)	WOOD OUT	36.0
302	419 - DB1-SDN #1 CHANNEL A COMMUNICATIONS FAIL (419)	DELIVERY BELT 1	36.0
303	483 - DP SHEET CARRIAGE DRIVE FAULT (483)	DEPALLETIZER	36.0
304	0 - DB2-E-STOP PRESSED AT EEP10DB2 (0)	DELIVERY BELT 2	35.0
305	422 - CN CARTON FEED OVERLOAD FAULT (422)	2/12 Packer	35.0
306	621 - MP DOWN CAN AT UPPER TIER STAR #5 (621)	Maxim Packer	35.0
307	0 - DB1-E-STOP PRESSED AT EEP10DB1 (0)	DELIVERY BELT 1	34.0
308	2 - PL2-CS-PD DISPENSER E-STOP PUSHED ALARM (2)	PALLETIZER 2	34.0
309	641 - MP BALER CHECK INLET CHUTE CHAMBER EE2 (641)	Maxim Packer	34.0
310	1717 - MP AXIS 5 TORQUE OVERLOAD FAULT (1717)	Maxim Packer	33.0
311	610 - BP PH VALUE HIGH LIMIT FAULT (610)	BEER PIPE	33.0
312	688 - CL N2 SYSTEM HIGH O2 FAULT (688)	SEAMER	33.0
313	26 - DC2-SAFETY FENCE EAST END (26)	WOOD OUT	32.0
314	32 - CL DOOR SW #1 HARD WIRED/STATUS CONFLICT (32)	SEAMER	32.0
315	422 - DP INFEED CONV #7 JAM MOVING LOAD (422)	DEPALLETIZER	32.0
316	569 - SW2-CARRIAGE IS NOT AT HOME (569)	STRETCH WRAP 2	30.0
317	615 - PS *ZONE 7 LOW TEMP FAULT (615)	PASTEURIZER	30.0
318	631 - PS *ZONE 7 HIGH TEMP FAULT (631)	PASTEURIZER	30.0
319	507 - DP MESH BELT IS OFF (507)	DEPALLETIZER	29.0
320	516 - DP SWEEP NOT EXT/RET FAULT (516)	DEPALLETIZER	29.0
321	3 - DP TO PV E-STOP 1 ACTIVE (3)	DEPALLETIZER	28.0
322	428 - CJ FALLEN CAN LANE 2 (428)	12/12 Packer	28.0
323	429 - CJ FALLEN CAN LANE 3 (429)	12/12 Packer	28.0
324	496 - FC1-VSD10F-17 FAULTED (496)	FULL CAN 1	28.0
325	571 - PL2-LOAD TOO HIGH TO DISCHARGE ALARM (571)	PALLETIZER 2	28.0
326	578 - AL LANE A SHUTTER LOWER MOTION (578)	ALF DEBAGGER	28.0
327	680 - CL CO2 VLV TO SEAMER PNL FAILED TO CLOSE(680)	SEAMER	28.0
328	21 - DB3-E-STOP PRESSED AT CST10DB3-1 (21)	DELIVERY BELT 3	27.0
329	482 - FC2 VSD10F-37 FAULT (482)	FULL CAN 2	26.0
330	639 - MP L10 BALER STOPPED - BALE TOO LONG (639)	Maxim Packer	26.0
331	647 - BP SV10L-30506 FL CIP DRN VLV NOT CLOSED(647)	BEER PIPE	26.0
332	2 - DB2-E-STOP PRESSED AT MOTOR 43 (2)	DELIVERY BELT 2	25.0
333	433 - FC1 BLR10F-9 NO FAULT NOT RUNNING (433)	FULL CAN 1	25.0
334	523 - DP COMPRESION BAR NOT RETRACTED (523)	DEPALLETIZER	25.0
335	583 - DB3-FIRST CASE DIDNT MAKE IT TO WAREHOUSE(583)	DELIVERY BELT 3	25.0
336	595 - FL CCP#1 PQC REQD - RINSER H20 PRESSURE (595)	FILLER	25.0
337	676 - CL N2 SURGE TANK LOW PRESSURE ALARM (676)	SEAMER	25.0
338	84 - FL CANS AT CHANGE POINT (84)	FILLER	25.0
339	25 - DC2-SAFETY FENCE EAST OF LOAD/UNLOAD (25)	WOOD OUT	24.0
340	454 - DP DISCHARGE CNVR #2 JAM MOVING LOAD (454)	DEPALLETIZER	23.0
341	754 - CN LOW MAGAZINE (754)	2/12 Packer	23.0
342	492 - DB1-MT10DB-20 MOTOR FAULT (492)	DELIVERY BELT 1	22.0
343	501 - DB2-MOTOR MS-33 VSD DRIVE FAULTED (501)	DELIVERY BELT 2	22.0
344	520 - DP PALLET STOP NOT DOWN (PRX63511) (520)	DEPALLETIZER	22.0
345	531 - DP AT LEAST 1 FRAME ARM DID NOT EXTEND (531)	DEPALLETIZER	22.0
346	574 - PL1-HOIST CONV FAULT BIT (574)	PALLETIZER 1	22.0
347	596 - AL LANE A DEBAGGER DISCHARGE NO CAN LID (596)	ALF DEBAGGER	22.0
348	596 - PS *ZONE 5 LOW SPRAY PRESSURE FAULT (596)	PASTEURIZER	22.0
349	64 - FC1-FULL CAN SYSTEM STOPPED AT EEP10F1 (64)	FULL CAN 1	22.0
350	150 - FC1-FILTEC #4 FAULTED (150)	FULL CAN 1	21.0
351	532 - DP AT LEAST 1 FRAME ARM DID NOT RETRACT (532)	DEPALLETIZER	21.0
352	548 - DP FRAME REMOVER DID NOT LOWER (548)	DEPALLETIZER	21.0
353	620 - BP BEER O2 HIGH ALARM (620)	BEER PIPE	21.0
354	630 - AL2-PAPER DETECTED WITH MAIN LIFT DOWN (630)	ALF LID DEPAL	21.0
355	635 - BP DOMOTOR CLOSED FROM BREWING (635)	BEER PIPE	21.0
356	97 - DB2-MT10DB-34 NOT IN AUTO AT CST10DB34 (97)	DELIVERY BELT 2	21.0
357	105 - DB2-MT10DB-42 NOT IN AUTO AT CST10DB42 (105)	DELIVERY BELT 2	20.0
358	24 - DC2-SAFETY FENCE DPL INFD TO LOAD/UNLOAD (24)	WOOD OUT	20.0
359	46 - MP GUARD DOOR 10 OPEN (46)	Maxim Packer	20.0
360	494 - AL AIR HOLDUP MOTOR FAULT (494)	ALF DEBAGGER	20.0
361	496 - DP CHOPPER DRIVE FAULTED (M1) (496)	DEPALLETIZER	20.0
362	510 - FC1-BLR10F-8 DEVICE FAULT (510)	FULL CAN 1	20.0
363	566 - DB2-CASES JAMMED AT 10DB-45 (566)	DELIVERY BELT 2	20.0
364	576 - MP 2ND GLUE PHOTOEYE FAILURE (576)	Maxim Packer	20.0
365	584 - PL2-E-14A, REAR HOIST AREA BLOCKED (584)	PALLETIZER 2	20.0
366	663 - MP PHS-STACKER TABLE JAM (663)	Maxim Packer	20.0
367	224 - PS *SUPERVISOR COMMUNICATION FAULT (224)	PASTEURIZER	19.0
368	3 - DB1-E-STOP PRESSED AT CST10DB4 (3)	DELIVERY BELT 1	19.0
369	433 - PL2 PARTIAL PALLET COUNTDOWN COMPLETE (433)	PALLETIZER 2	19.0
370	482 - MP DAWSON MAIN INFD CONV DRV FLT DIVFD1 (482)	Maxim Packer	19.0
371	508 - DP LOAD HEIGHT SENSOR DID NOT CLEAR (508)	DEPALLETIZER	19.0
372	544 - AL2-PAPER CONVEYOR FAULT (544)	ALF LID DEPAL	19.0
373	573 - FL HI HI BOWL TEMP - PERFORM WB DUMP (573)	FILLER	19.0
374	581 - AL LANE B LID SWEEP CYLINDER MOTION (581)	ALF DEBAGGER	19.0
375	433 - DP INFEED CONV #5 DWNSTRM PE BLKD PASS (433)	DEPALLETIZER	18.0
376	604 - MP GLUE UNIT LOW TANK LEVEL (604)	Maxim Packer	18.0
377	627 - AL2-PALLET INFD STAGE #5 LOAD FALL LEFT (627)	ALF LID DEPAL	18.0
378	656 - MP PHS-CARTON PLT STATION 1 ROLLERS JAM (656)	Maxim Packer	18.0
379	0 - CN E-STOP PRESSED (0)	2/12 Packer	17.0
380	449 - DB2 CONVEYOR STOPPED FROM HMI (449)	DELIVERY BELT 2	17.0
381	499 - DB1-MT10DB-27 MOTOR FAULT (499)	DELIVERY BELT 1	17.0
382	533 - DP FRAME HOIST JAMMED (533)	DEPALLETIZER	17.0
383	543 - DP SHEET HOIST WAITING TO DISCH LOAD (543)	DEPALLETIZER	17.0
384	604 - PS *ZONE 11 LO SPRAY PRESS-ZONE 1 SCREENS(604)	PASTEURIZER	17.0
385	60 - MP DIVERTER GUARD DOOR 1 OPEN (60)	Maxim Packer	17.0
386	61 - MP DIVERTER GUARD DOOR 2 OPEN (61)	Maxim Packer	17.0
387	679 - DP TO PV FWD OVER-TRAVEL X-AXIS (679)	DEPALLETIZER	17.0
388	117 - DB1-MT10DB-27 STOPPED BUT AUX CONTACT CLOSED(117)	DELIVERY BELT 1	16.0
389	17 - DC2-SAFETY FENCE EAST OF AC-2 FAULT (17)	WOOD OUT	16.0
390	418 - PL1-E-2 BLOCKED TOO LONG ALARM (418)	PALLETIZER 1	16.0
391	458 - DP #7 INFEED CNVR EXIT BLKD (458)	DEPALLETIZER	16.0
392	486 - DB2-MOTOR MS-39 FAILED TO RUN (486)	DELIVERY BELT 2	16.0
393	54 - AL2-PACK ELEVATOR DOOR SWITCH OPEN (54)	ALF LID DEPAL	16.0
394	573 - PL1-LAYER PUSHER FAULT (573)	PALLETIZER 1	16.0
395	579 - AL LANE A SHUTTER UPPER MOTION (579)	ALF DEBAGGER	16.0
396	599 - PS *ZONE 7 LOW SPRAY PRESSURE FAULT (599)	PASTEURIZER	16.0
397	636 - DB3-CASES JAMMED AT 10DB3-61 (636)	DELIVERY BELT 3	16.0
398	66 - RS VAC PRESS. VP10E-8 NOT IN AUTO (66)	RINSER	16.0
399	96 - FC1-VSD10F-1 NOT IN AUTO AT EEP10F1 (96)	FULL CAN 1	16.0
400	492 - FY MOTOR TT10Y-10 FAULTED (492)	FILLER CONV	15.0
401	614 - MP DOWN CAN AT LOWER TIER STAR #4 (614)	Maxim Packer	15.0
402	664 - MP PHS-STACKER FORKS JAM (664)	Maxim Packer	15.0
403	0 - FC1-E-STOP PRESSED AT EEP10F1 (0)	FULL CAN 1	14.0
404	18 - PL2-PX-GS1 SAFETY GATE #1 OPEN (18)	PALLETIZER 2	14.0
405	430 - CJ FALLEN CAN LANE 4 (430)	12/12 Packer	14.0
406	433 - DB1-MT10DB-9 MOTOR FAULT (433)	DELIVERY BELT 1	14.0
407	480 - DC1-CONVEYOR 30003 DRIVE FAULTED (480)	DUNNAGE	14.0
408	4 - DB1-E-STOP PRESSED AT CST10DB6 (4)	DELIVERY BELT 1	14.0
409	565 - FL CLOSING CAM H2O LUBE LOW ALARM (565)	FILLER	14.0
410	597 - PS *ZONE 6 LOW SPRAY PRESSURE FAULT (597)	PASTEURIZER	14.0
411	618 - MP DOWN CAN AT UPPER TIER STAR #2 (618)	Maxim Packer	14.0
412	659 - CL INFEED RAIL LS10L-30711 TRIPPED (659)	SEAMER	14.0
413	681 - CL N2 VLV TO FILLER BOWL FAILED TO OPEN (681)	SEAMER	14.0
414	0 - DP E-STOP PRESSED MAIN CONSOLE (0)	DEPALLETIZER	13.0
415	120 - DB1-MT10DB-30 STOPPED BUT AUX CONTACT CLOSED(120)	DELIVERY BELT 1	13.0
416	224 - MP PHS-LOSS OF COMMUNICATION (224)	Maxim Packer	13.0
417	416 - PL1-E-1 BLOCKED TOO LONG ALARM (416)	PALLETIZER 1	13.0
418	561 - AL BAG REMOVAL CHUTE JAM FAULT (561)	ALF DEBAGGER	13.0
419	571 - DP SHEET REMOVER FAILED TO RELEASE SHEET(571)	DEPALLETIZER	13.0
420	575 - DC2-T-CAR PICK FROM WOODOUT JAM (575)	WOOD OUT	13.0
421	576 - DB1-SDN #1 NOT SCANNING CHANNEL A (576)	DELIVERY BELT 1	13.0
422	577 - AL LANE A LID SWEEPER OUT OF POSITION (577)	ALF DEBAGGER	13.0
423	579 - DB1-MAXIM 2/12 DELIVERY BELT DIVERTER JAM(579)	DELIVERY BELT 1	13.0
424	625 - BP ENTIRE BEER PIPE LOS - CALL BREWING (625)	BEER PIPE	13.0
425	649 - BP SV10L-30507 BRW CIP SPLY VL NOT CLOSE(649)	BEER PIPE	13.0
426	102 - RS B10E-7 NOT IN AUTO AT EEP10E1 (102)	RINSER	12.0
427	111 - DB2-MT10DB-51 NOT IN AUTO AT CST10DB51 (111)	DELIVERY BELT 2	12.0
428	145 - FC2 FULL CAN SYSTEM STOPPED (145)	FULL CAN 2	12.0
429	23 - DC2-SAFETY FENCE DEPAL OUTFEED TO INFEED (23)	WOOD OUT	12.0
430	34 - PL2-LAYER HEIGHT MUST BE 14 OR LESS (34)	PALLETIZER 2	12.0
431	487 - FC2 VSD10F-32 FAULT (487)	FULL CAN 2	12.0
432	493 - DB1-MT10DB-21 MOTOR FAULT (493)	DELIVERY BELT 1	12.0
433	537 - AL2-MAIN ELEVATOR UP FAULT (537)	ALF LID DEPAL	12.0
434	571 - MP 3 CONSECUTIVE OPEN INNER FLAPS (571)	Maxim Packer	12.0
435	597 - FL CANS STUCK AT CAN STOP (597)	FILLER	12.0
436	605 - MP LASER CODER HAS MISFIRED (605)	Maxim Packer	12.0
437	664 - CL SERVICE DOOR OPEN DISCHARGE SIDE (664)	SEAMER	12.0
438	770 - MP MASTER AXIS REFERENCE REQUIRED (770)	Maxim Packer	12.0
439	131 - FC2 TT10F-33 NOT IN AUTO FROM CST10F33 (131)	FULL CAN 2	11.0
440	148 - FC1-FILTEC #2 FAULTED (148)	FULL CAN 1	11.0
441	20 - DB3-E-STOP PRESSED AT EEP10DB3 (20)	DELIVERY BELT 3	11.0
442	420 - DP INFEED CONV #5 JAM MOVING LOAD (420)	DEPALLETIZER	11.0
443	434 - FC1 BLR10F-8 DISCONNECT IS TURNED OFF (434)	FULL CAN 1	11.0
444	4 - DP TO PV E-STOP 2 ACTIVE (4)	DEPALLETIZER	11.0
445	538 - DP AT LEAST 1 SHT HOIST ARM DIDNT EXTND (538)	DEPALLETIZER	11.0
446	569 - MP LOWER TIER OVERLOAD CLUTCH (569)	Maxim Packer	11.0
447	85 - FL FILLER BOWL LEVEL NOT IN AUTO (85)	FILLER	11.0
448	108 - DB2-MT10DB-46 NOT IN AUTO AT CST10DB46 (108)	DELIVERY BELT 2	10.0
449	162 - PS *RACK 1/4-7 FAULT @ EEP10P1 (162)	PASTEURIZER	10.0
450	19 - PL1-PX-GS2 SAFETY GATE #2 OPEN (19)	PALLETIZER 1	10.0
451	1 - MP EMERGENCY STOP AT INFEED STATION (1)	Maxim Packer	10.0
452	417 - PL2-E-1A BLOCKED TOO LONG ALARM (417)	PALLETIZER 2	10.0
453	432 - DP INFEED CONV #4 DWNSTRM PE BLKD PASS (432)	DEPALLETIZER	10.0
454	481 - DB3-VSD10DB3-61(VSD50DB1-41) DRIVE FAULT (481)	DELIVERY BELT 3	10.0
455	481 - PL2-L.ROLLER 2 DRIVE FAULT (481)	PALLETIZER 2	10.0
456	489 - DC1-CONVEYOR 40403 DRIVE FAULTED (489)	DUNNAGE	10.0
457	535 - AL2-MAIN LIFT INFEED FORWARD FAULT (535)	ALF LID DEPAL	10.0
458	54 - MP GUARD DOOR 18 OPEN (54)	Maxim Packer	10.0
459	583 - MP MISSING TRANSPORT LUG ON OPER SIDE (583)	Maxim Packer	10.0
460	609 - BP PH VALUE LOW LIMIT FAULT (609)	BEER PIPE	10.0
461	681 - PS *ZN 6 HEAT EXCH PRES SW FLD TO RESET (681)	PASTEURIZER	10.0
462	683 - PS *ZN 8 HEAT EXCH PRES SW FLD TO RESET (683)	PASTEURIZER	10.0
463	6 - FC1-E-STOP PRESSED AT CST10F20A (6)	FULL CAN 1	10.0
464	102 - DB2-MT10DB-39 NOT IN AUTO AT CST10DB39 (102)	DELIVERY BELT 2	9.0
465	121 - DB1-MT10DB-31 STOPPED BUT AUX CONTACT CLOSED(121)	DELIVERY BELT 1	9.0
466	129 - FC2 VSD10F-29 NOT IN AUTO CST10F30B (129)	FULL CAN 2	9.0
467	12 - DB1-E-STOP PRESSED AT CST10DB28A (12)	DELIVERY BELT 1	9.0
468	162 - AL2-PLC RACK # 2 FAULTED (162)	ALF LID DEPAL	9.0
469	34 - CL DOOR SW #3 HARD WIRED/STATUS CONFLICT (34)	SEAMER	9.0
470	422 - PL1-E-LFS BLOCKED TOO LONG ALARM (422)	PALLETIZER 1	9.0
471	431 - DP INFEED CONV #3 DWNSTRM PE BLKD PASS (431)	DEPALLETIZER	9.0
472	453 - DP DISCHARGE CNVR #1 JAM WHILE PASSING (453)	DEPALLETIZER	9.0
473	481 - FL CO2 BLOWER FAULT (481)	FILLER	9.0
474	487 - MP DISCHARGE CONVEYOR DRIVE FAULT DVFD2 (487)	Maxim Packer	9.0
475	4 - FC2 E-STOP PRESSED AT CST10F32 (4)	FULL CAN 2	9.0
476	562 - DC2-OVERHANG PHOTOEYE FAULT (562)	WOOD OUT	9.0
477	564 - PL1-HOIST LOWERED TOO LONG ALARM (564)	PALLETIZER 1	9.0
478	565 - AL LANE B DISCH REVERSE / NO LID DETECT (565)	ALF DEBAGGER	9.0
479	566 - SW1-INFEED SHUTDOWN DEFECTIVE (566)	STRETCH WRAP 1	9.0
480	571 - PL1-LOAD TOO HIGH TO DISCHARGE ALARM (571)	PALLETIZER 1	9.0
481	619 - BP CO2 OUT OF RANGE ALARM (619)	BEER PIPE	9.0
482	619 - MP DOWN CAN AT UPPER TIER STAR #3 (619)	Maxim Packer	9.0
483	624 - BP RELEASABLE VOLUME BELOW SETPOINT (624)	BEER PIPE	9.0
484	636 - MP L10 BALER PLATTEN ADVANCE TOO LONG (636)	Maxim Packer	9.0
485	642 - AL2 Pack Detect PE I4316 Not Clear Fault (642)	ALF LID DEPAL	9.0
486	101 - DB2-MT10DB-38 NOT IN AUTO AT CST10DB38 (101)	DELIVERY BELT 2	8.0
487	104 - DB1-MT10DB-11 STOPPED BUT AUX CONTACT CLOSED(104)	DELIVERY BELT 1	8.0
488	104 - DB2-MT10DB-41 NOT IN AUTO AT CST10DB41 (104)	DELIVERY BELT 2	8.0
489	106 - DB1-MT10DB-14 STOPPED BUT AUX CONTACT CLOSED(106)	DELIVERY BELT 1	8.0
490	110 - DB1-MT10DB-20 STOPPED BUT AUX CONTACT CLOSED(110)	DELIVERY BELT 1	8.0
491	119 - DB1-MT10DB-29 STOPPED BUT AUX CONTACT CLOSED(119)	DELIVERY BELT 1	8.0
492	2 - FL E-STOP PRESSED AT CST-CD (2)	FILLER	8.0
493	34 - MP GUARD DOOR ZONE 1 OPEN (34)	Maxim Packer	8.0
494	36 - PL2-LAYER HEIGHT MUST BE 6 OR LESS (36)	PALLETIZER 2	8.0
495	416 - FC1-BLR10F-1 NOT IN AUTO AT EEP10F1 (416)	FULL CAN 1	8.0
496	488 - DB2-MOTOR MS-41 FAILED TO RUN (488)	DELIVERY BELT 2	8.0
497	500 - AL BAG STRIPPING CYCLE FAILURE (500)	ALF DEBAGGER	8.0
498	546 - DP SHEET RAKE DID NOT LOWER (546)	DEPALLETIZER	8.0
499	567 - FL CO2 SUPPLY LOW FLOW AT FILLER (567)	FILLER	8.0
500	570 - SW2-RING TRAVEL UP AUTO HGT EYE DEF (570)	STRETCH WRAP 2	8.0
501	600 - MP GLUE UNIT NOT READY (600)	Maxim Packer	8.0
502	607 - MP LOWER TIER FILTEC SYSTEM FAILURE (607)	Maxim Packer	8.0
503	618 - BP OUT OF SPEC BEER AT DOMOTOR ALARM (618)	BEER PIPE	8.0
504	626 - BP MICROMOTION FLOW XMITTER FAILURE (626)	BEER PIPE	8.0
505	642 - MP UNFORMED CARTON STUCK IN PACKER (642)	Maxim Packer	8.0
506	6 - DB1-E-STOP PRESSED AT CST10DB11A (6)	DELIVERY BELT 1	8.0
507	96 - DB2-MT10DB-33 NOT IN AUTO AT CST10DB33 (96)	DELIVERY BELT 2	8.0
508	130 - FC2 TT10F-33 NOT IN AUTO CST10F33 (130)	FULL CAN 2	7.0
509	416 - PL2-E-1 BLOCKED TOO LONG ALARM (416)	PALLETIZER 2	7.0
510	423 - DP INFEED CONV #1 JAM WHILE PASSING (423)	DEPALLETIZER	7.0
511	432 - PL2 PUSHER RAN TOO LONG IN HIGH SPEED (432)	PALLETIZER 2	7.0
512	480 - MP LOWER TIER INFEED DRIVE FAULT VFD 1 (480)	Maxim Packer	7.0
513	483 - FC1-VSD10F-4 FAULTED (483)	FULL CAN 1	7.0
514	485 - SW1-MS10SW12-9 CONVEYOR 9 FAULTED (485)	STRETCH WRAP 1	7.0
515	491 - DB2-MOTOR MS-44 FAILED TO RUN (491)	DELIVERY BELT 2	7.0
516	494 - FC1-VSD10F-15 FAULTED (494)	FULL CAN 1	7.0
517	566 - SW2-INFD AUTO SHUTDOWN EYE PE-5 FLT (566)	STRETCH WRAP 2	7.0
518	568 - MP GLUE UNIT POWER OFF (568)	Maxim Packer	7.0
519	5 - FC1-E-STOP PRESSED AT CST10F22 (5)	FULL CAN 1	7.0
520	617 - MP DOWN CAN AT UPPER TIER STAR #1 (617)	Maxim Packer	7.0
521	624 - AL2-PAPER HANDLING CYLINDER MOTION (624)	ALF LID DEPAL	7.0
522	626 - MP PALLET HAND. CONTROL POWER IS OFF (626)	Maxim Packer	7.0
523	672 - CL UNDERCOVER GAS LOW LOW SPEED ALARM (672)	SEAMER	7.0
524	96 - MP DAWSON MAIN INFEED CONV NOT IN AUTO (96)	Maxim Packer	7.0
525	105 - DB1-MT10DB-12 STOPPED BUT AUX CONTACT CLOSED(105)	DELIVERY BELT 1	6.0
526	129 - EC TT10E-6 NOT IN AUTO AT CST10E-7 (129)	EMPTY CAN	6.0
527	145 - FC1-WEST FILTEC CNV NOT IN AUTO CST10F22 (145)	FULL CAN 1	6.0
528	164 - AL2-PLC RACK # 4 FAULTED (164)	ALF LID DEPAL	6.0
529	241 - DB3-SDN #1 BLOCK TRANSFER 62 WRITE ERROR (241)	DELIVERY BELT 3	6.0
530	35 - CL DOOR SW #4 HARD WIRED/STATUS CONFLICT (35)	SEAMER	6.0
531	40 - CL DOOR SW #6 HARD WIRED/STATUS CONFLICT (40)	SEAMER	6.0
532	423 - PL2-E-Z3S BLOCKED TOO LONG ALARM (423)	PALLETIZER 2	6.0
533	424 - PL2 PALLET TINES RETRACT TO LONG WARNING (424)	PALLETIZER 2	6.0
534	427 - DP INFEED CONV #5 JAM WHILE PASSING (427)	DEPALLETIZER	6.0
535	505 - DB2-MOTOR MS-46 VSD DRIVE FAULTED (505)	DELIVERY BELT 2	6.0
536	505 - DP HOIST ENTRANCE SAFETY MAT FAULT (505)	DEPALLETIZER	6.0
537	508 - FC1-BLR10F-6 DEVICE FAULT (508)	FULL CAN 1	6.0
538	517 - SW1-M10SW21-10 TO 9 JAM DETECTED (517)	STRETCH WRAP 1	6.0
539	521 - DP PALLET STOP NOT DOWN (PRX63511) (521)	DEPALLETIZER	6.0
540	524 - DP COMPRESION BAR NOT EXTENDED (524)	DEPALLETIZER	6.0
541	525 - DB2-CONV DS-46 DISCONNECT SWITCH OPEN (525)	DELIVERY BELT 2	6.0
542	528 - SW2-9 TO 10 JAM DETECTED (528)	STRETCH WRAP 2	6.0
543	529 - DB2-CONV DS-50 DISCONNECT SWITCH OPEN (529)	DELIVERY BELT 2	6.0
544	536 - DP FRAME HOIST DISCH PE S WERE BLOCKED (536)	DEPALLETIZER	6.0
545	539 - SW1-30 TO 31 JAM DETECTED (539)	STRETCH WRAP 1	6.0
546	562 - DP LOWER HOIST TO RETRACT SWEEP (562)	DEPALLETIZER	6.0
547	565 - MP ORBI-TRAK AIR OFF (565)	Maxim Packer	6.0
548	577 - SW1-CARRIAGE FAULT OPEN (577)	STRETCH WRAP 1	6.0
549	580 - DB1-MERGE JAM MOTOR 14 (580)	DELIVERY BELT 1	6.0
550	580 - DB2-SDN #1 NOT SCANNING CHANNEL A (580)	DELIVERY BELT 2	6.0
551	595 - PS *ZONE 4 LOW SPRAY PRESS-ZONE 8 SCREENS(595)	PASTEURIZER	6.0
552	598 - FL GASSING PANEL LO FLO CHK INFEED STAR?(598)	FILLER	6.0
553	620 - MP DOWN CAN AT UPPER TIER STAR #4 (620)	Maxim Packer	6.0
554	98 - DB1-MT10DB-5 STOPPED BUT AUX CONTACT CLOSED(98)	DELIVERY BELT 1	6.0
555	102 - DB1-MT10DB-9 STOPPED BUT AUX CONTACT CLOSED(102)	DELIVERY BELT 1	5.0
556	1044 - MP SERVO AXIS 4 MODULE FAULT (1044)	Maxim Packer	5.0
557	117 - FC2 TT10F-30 NOT IN AUTO AT WKS (117)	FULL CAN 2	5.0
558	143 - FC1-EAST FILTEC CNV NOT IN AUTO CST10F22 (143)	FULL CAN 1	5.0
559	16 - PL1-E-12 SAFETY EYE BLOCKED ALARM (16)	PALLETIZER 1	5.0
560	18 - DC2-SAFETY FENCE AC-4 TO 6 FAULT (18)	WOOD OUT	5.0
561	21 - DC2-SAFETY FENCE WEST END FAULT (21)	WOOD OUT	5.0
562	424 - DP INFEED CONV #2 JAM WHILE PASSING (424)	DEPALLETIZER	5.0
563	426 - DP INFEED CONV #4 JAM WHILE PASSING (426)	DEPALLETIZER	5.0
564	426 - FC1-BLR10F-1 NOT IN AUTO AT CST10FBBLR (426)	FULL CAN 1	5.0
565	428 - PL2 CS-DC INFEED OFF/ON TURNED OFF (428)	PALLETIZER 2	5.0
566	435 - FC1 BLR10F-9 DISCONNECT IS TURNED OFF (435)	FULL CAN 1	5.0
567	457 - DP PALLET JAMMED AT INFEED TO HOIST (457)	DEPALLETIZER	5.0
568	481 - RS VAC BELT B10E-7 FAULTED (481)	RINSER	5.0
569	490 - FY MOTOR TT10Y-8 FAULTED (490)	FILLER CONV	5.0
570	491 - DB1-MT10DB-19 MOTOR FAULT (491)	DELIVERY BELT 1	5.0
571	492 - FC1-VSD10F-13 FAULTED (492)	FULL CAN 1	5.0
572	513 - SW2-4 TO 5 JAM DETECTED (513)	STRETCH WRAP 2	5.0
573	520 - SW2-10 TO 9 JAM DETECTED (520)	STRETCH WRAP 2	5.0
574	558 - SW1-XFER PROX SWITCH FAULT M10SW12-8 (558)	STRETCH WRAP 1	5.0
575	569 - FL FLR WASHOUT NOT IN CO2 (569)	FILLER	5.0
576	571 - AL SIDE PUSHER CYLINDER MOTION (571)	ALF DEBAGGER	5.0
577	608 - MP UPPER TIER FILTEC SYSTEM FAILURE (608)	Maxim Packer	5.0
578	613 - PS *ZONE 6 LOW TEMP FAULT (613)	PASTEURIZER	5.0
579	626 - AL2-PACK ASSIST CYLINDER MOTION (626)	ALF LID DEPAL	5.0
580	628 - PS *ZONE 5 HIGH TEMP FAULT (628)	PASTEURIZER	5.0
581	673 - CL CLOSER WASHOUT NOT IN CO2 (673)	SEAMER	5.0
582	681 - DP TO PV FWD OVER-TRAVEL Y-AXIS (681)	DEPALLETIZER	5.0
583	693 - CL N2 SYSTEM PLC COMM FAULT (693)	SEAMER	5.0
584	756 - DB1-CASE COUNT EYE EE10DB-33-B DEVIATION (756)	DELIVERY BELT 1	5.0
585	776 - BP ANTON-PAAR OVERIDDEN BY SUPERVISOR (776)	BEER PIPE	5.0
586	86 - FL FILLER COUNTERPRESSURE NOT IN AUTO (86)	FILLER	5.0
587	99 - DB2-MT10DB-36 NOT IN AUTO AT CST10DB36 (99)	DELIVERY BELT 2	5.0
588	103 - FC1-VSD10F-9 NOT IN AUTO AT EEP10F1 (103)	FULL CAN 1	4.0
589	105 - FC2 TT10F-34 NOT IN AUTO EEP10F2 (105)	FULL CAN 2	4.0
590	109 - DB1-MT10DB-19 STOPPED BUT AUX CONTACT CLOSED(109)	DELIVERY BELT 1	4.0
591	110 - DB2-MT10DB-50 NOT IN AUTO AT CST10DB50 (110)	DELIVERY BELT 2	4.0
592	117 - FC1-VSD10F-24 NOT IN AUTO AT EEP10F1 (117)	FULL CAN 1	4.0
593	123 - FC2 TT10F-36 NOT IN AUTO AT WKS (123)	FULL CAN 2	4.0
594	130 - RS B10E-7 NOT IN AUTO AT CST10E-7 (130)	RINSER	4.0
595	134 - RS AB10E-12 NOT IN AUTO AT CST10E-12 (132)	RINSER	4.0
596	142 - FC1-EAST FILTEC CNV NOT IN AUTO CST10F11 (142)	FULL CAN 1	4.0
597	149 - FC1-FILTEC #3 FAULTED (149)	FULL CAN 1	4.0
598	1619 - MP AXIS 3 POSITION ERROR FAULT (1619)	Maxim Packer	4.0
599	163 - AL PLC RACK # 3 FAULTED (163)	ALF DEBAGGER	4.0
600	164 - PL2-RACK 10 1ST 1/4 FLT DSCH CNV REDIPNL (164)	PALLETIZER 2	4.0
601	19 - DC2-SAFETY FENCE AC-8 TO 12 FAULT (19)	WOOD OUT	4.0
602	246 - PS *BLOCK XFER ERR AN OUT 1771-OFE 0/2/1 (246)	PASTEURIZER	4.0
603	36 - MP GUARD DOOR 21 OPEN (36)	Maxim Packer	4.0
604	3 - FC2 E-STOP PRESSED AT CST10F30B (3)	FULL CAN 2	4.0
605	3 - SW1 E-STOP PRESSED 10SW15-35E @ CONV.36 (3)	STRETCH WRAP 1	4.0
606	418 - FC1-BLR10F-2 NOT IN AUTO AT EEP10F1 (418)	FULL CAN 1	4.0
607	420 - CJ HANDWHEEL FAULT (420)	12/12 Packer	4.0
608	421 - DP INFEED CONV #6 JAM MOVING LOAD (421)	DEPALLETIZER	4.0
609	431 - CJ FUMEX DOES NOT HAVE PWR AND IS OFF (431)	12/12 Packer	4.0
610	480 - DB1-MT10DB-8 MOTOR FAULT (480)	DELIVERY BELT 1	4.0
611	481 - MP UPPER TIER INFEED DRIVE FAULT VFD 2 (481)	Maxim Packer	4.0
612	487 - FC1-VSD10F-8 FAULTED (487)	FULL CAN 1	4.0
613	488 - AL CUTTER MOTOR FAULT (488)	ALF DEBAGGER	4.0
614	500 - FC1-VSD10F-21 FAULTED (500)	FULL CAN 1	4.0
615	55 - MP GUARD DOOR 19 OPEN (55)	Maxim Packer	4.0
616	567 - MP CARTON FEED OUT OF POSITION (567)	Maxim Packer	4.0
617	569 - PL2-DISCHARGE FAILURE ALARM (569)	PALLETIZER 2	4.0
618	571 - DB2-CASES JAMMED AT 10DB-39 (571)	DELIVERY BELT 2	4.0
619	578 - SW2-LOAD IS BLOCKING EYE PE-2 IS FAULTED (578)	STRETCH WRAP 2	4.0
620	581 - MP CARTONER LOW AIR PRESSURE (581)	Maxim Packer	4.0
621	592 - PS *ZONE 1 LO SPRAY PRESS-ZONE 11 SCREENS(592)	PASTEURIZER	4.0
622	595 - SW1-VFD-5 DRIVE FAULT (595)	STRETCH WRAP 1	4.0
623	599 - MP SERVO HOME REQUEST (CLEAR MACHINE) (599)	Maxim Packer	4.0
624	5 - FC2 E-STOP PRESSED AT CST10F25 (5)	FULL CAN 2	4.0
625	5 - PS NO CONTROL POWER @ EEP10P1 (5)	PASTEURIZER	4.0
626	62 - MP DIVERTER GUARD DOORS 3 OPEN (62)	Maxim Packer	4.0
627	63 - MP DIVERTER GUARD DOORS 4 OPEN (63)	Maxim Packer	4.0
628	64 - RS RINSER WATER NOT IN AUTO (64)	RINSER	4.0
629	666 - MP PHS-S SHEET PLT STATION 2 ROLLERS JAM(666)	Maxim Packer	4.0
630	682 - DP TO PV REV OVER-TRAVEL Y-AXIS (682)	DEPALLETIZER	4.0
631	749 - PS *PU SAFETY STOP ACTIVE (749)	PASTEURIZER	4.0
632	765 - MP SLIP SHEET JAM IN CONVEYOR THROAT (765)	Maxim Packer	4.0
633	99 - FC2 TT10F-28 NOT IN AUTO EEP10F2 (99)	FULL CAN 2	4.0
634	100 - DB1-MT10DB-7 STOPPED BUT AUX CONTACT CLOSED(100)	DELIVERY BELT 1	3.0
635	107 - DB2-MT10DB-45 NOT IN AUTO AT CST10DB45 (107)	DELIVERY BELT 2	3.0
636	114 - DB1-MT10DB-24 STOPPED BUT AUX CONTACT CLOSED(114)	DELIVERY BELT 1	3.0
637	116 - DB2-MT10DB-33 NOT IN AUTO AT WKS (116)	DELIVERY BELT 2	3.0
638	146 - FC1-WEST FILTEC CNV NOT IN AUTO CST10F11 (146)	FULL CAN 1	3.0
639	162 - FC1-RACK 2 FAULTED COMBINER PANEL FXP10FC(162)	FULL CAN 1	3.0
640	244 - PS *BLOCK XFER ERR AN OUT 1771-OFE 0/1/1 (244)	PASTEURIZER	3.0
641	2 - MP EMERGENCY STOP AT ENC1 (2)	Maxim Packer	3.0
642	2 - PS E-STOP PRESSED AT DISCHARGE CSTP2 (2)	PASTEURIZER	3.0
643	32 - PL1-LAYER HEIGHT MUST BE 12 OR LESS (34)	PALLETIZER 1	3.0
644	33 - PL1-LAYER HEIGHT MUST BE 14 OR LESS (34)	PALLETIZER 1	3.0
645	35 - PL2-LAYER HEIGHT MUST BE 12 OR LESS (35)	PALLETIZER 2	3.0
646	422 - CJ CARTON FEED OVERLOAD FAULT (422)	12/12 Packer	3.0
647	425 - PL2 PALLET TINES EXTEND TO LONG WARNING (425)	PALLETIZER 2	3.0
648	429 - PL2 CS-PD INFEED OFF/ON TURNED OFF (429)	PALLETIZER 2	3.0
649	480 - CL SEAMER DRV MOTOR OVER TEMP PNLVW ALM (480)	SEAMER	3.0
650	480 - FC2 VSD10F-25 FAULT (480)	FULL CAN 2	3.0
651	481 - CN MOTOR OVERLOAD FAULT (481)	2/12 Packer	3.0
652	485 - FY MOTOR TT10Y-3 FAULTED (485)	FILLER CONV	3.0
653	486 - FY MOTOR TT10Y-4 FAULTED (486)	FILLER CONV	3.0
654	488 - DC1-CONVEYOR 40320 DRIVE FAULTED (488)	DUNNAGE	3.0
655	489 - FC2 VSD10F-34 FAULT (489)	FULL CAN 2	3.0
656	493 - PS CONTACT MC10-P1 UPR BED MTRS NOT MADE (493)	PASTEURIZER	3.0
657	495 - RS AIR BLOWER AB10E-12 FAULTED (495)	RINSER	3.0
658	497 - AL LANE A DEBAGGER DISCHARGE MOTOR FLT (497)	ALF DEBAGGER	3.0
659	498 - DB1-MT10DB-26 MOTOR FAULT (498)	DELIVERY BELT 1	3.0
660	498 - DP CHOPPER DRIVE FAULTED (498)	DEPALLETIZER	3.0
661	502 - DB2-MOTOR MS-33A VSD DRIVE FAULTED (502)	DELIVERY BELT 2	3.0
662	505 - AL DEBAGGER LANE A POWERED GAP MOTOR (505)	ALF DEBAGGER	3.0
663	506 - FC1-BLR10F-1 DEVICE FAULT (506)	FULL CAN 1	3.0
664	513 - SW1-4 TO 5 JAM DETECTED (513)	STRETCH WRAP 1	3.0
665	524 - DB2-CONV DS-45 DISCONNECT SWITCH OPEN (524)	DELIVERY BELT 2	3.0
666	52 - MP GUARD DOOR 16 OPEN (52)	Maxim Packer	3.0
667	543 - SW2-23 TO 24 JAM DETECTED (543)	STRETCH WRAP 2	3.0
668	561 - SW1-CARRIAGE IS NOT AT HOME (561)	STRETCH WRAP 1	3.0
669	565 - SW2-LOAD POSITION EYE PE-2 FAULTED (565)	STRETCH WRAP 2	3.0
670	577 - MP PACKER REQUEST OUT OF SERVICE (577)	Maxim Packer	3.0
671	578 - SW1-LOAD IS BLOCKING EYE PE-2 IS FAULTED (578)	STRETCH WRAP 1	3.0
672	593 - FL BRAND MISMATCH OVERRIDE ACTIVATED (593)	FILLER	3.0
673	603 - AL DEBAGGER LANE A LID COLOR MISMATCH (603)	ALF DEBAGGER	3.0
674	603 - PS *ZONE 10 LO SPRAY PRESS-ZONE 2 SCREENS(603)	PASTEURIZER	3.0
675	614 - DC2-VFD DRIVE FAULT (614)	WOOD OUT	3.0
676	625 - MP CLEAN OFF OPEN FLAP REFLECTORS (625)	Maxim Packer	3.0
677	628 - BP ANTON PAAR DUMP LOCKED BY BREWING (628)	BEER PIPE	3.0
678	640 - MP BALER CHECK INLET CHUTE ON DOOR EE1 (640)	Maxim Packer	3.0
679	648 - BP SV10L-30507 BRW CIP SPLY VLV NOT OPEN(648)	BEER PIPE	3.0
680	686 - DP NO AIR AT DEBANDER, CHECK HAND VALVES(686)	DEPALLETIZER	3.0
681	724 - PS PASTEURIZER BED SPEED OUT OF LIMIT (724)	PASTEURIZER	3.0
682	760 - MP FC COMB OFF @ 12/12 (CST10F30B INFD) (760)	Maxim Packer	3.0
683	799 - SW1-DISCHARGE BACKED AT SW (799)	STRETCH WRAP 1	3.0
684	7 - FC1-E-STOP PRESSED AT CST10F20B (7)	FULL CAN 1	3.0
685	96 - DB1-MT10DB-3 STOPPED BUT AUX CONTACT CLOSED(96)	DELIVERY BELT 1	3.0
686	97 - DC2-AC-04 NOT IN AUTO MODE (97)	WOOD OUT	3.0
687	98 - EC TT10E-5 NOT IN AUTO AT EEP10E1 (98)	EMPTY CAN	3.0
688	99 - DC2-AC-08 NOT IN AUTO MODE (99)	WOOD OUT	3.0
689	100 - DB2-MT10DB-37 NOT IN AUTO AT CST10DB37 (100)	DELIVERY BELT 2	2.0
690	102 - FC1-VSD10F-8 NOT IN AUTO AT EEP10F1 (102)	FULL CAN 1	2.0
691	102 - FC2 TT10F-31 NOT IN AUTO EEP10F2 (102)	FULL CAN 2	2.0
692	103 - DB1-MT10DB-10 STOPPED BUT AUX CONTACT CLOSED(103)	DELIVERY BELT 1	2.0
693	109 - FC1-VSD10F-16 NOT IN AUTO AT EEP10F1 (109)	FULL CAN 1	2.0
694	112 - RS AB10E-12 NOT IN AUTO AT EEP10E1 (112)	RINSER	2.0
695	113 - DB1-MT10DB-23 STOPPED BUT AUX CONTACT CLOSED(113)	DELIVERY BELT 1	2.0
696	114 - FC2 TT10F-37 NOT IN AUTO AT WKS (114)	FULL CAN 2	2.0
697	174 - FL PLC RACK 16 FAULT (174)	FILLER	2.0
698	17 - FY E-STOP CST10Y1 (17)	FILLER CONV	2.0
699	19 - PL2-PX-GS2 SAFETY GATE #2 OPEN (19)	PALLETIZER 2	2.0
700	22 - DC2-SAFETY FENCE WEST DEPAL OUTFEED FLT (22)	WOOD OUT	2.0
701	239 - SW1-ME10SW1 READ OF PAL1-E-NET COMM FAIL (239)	STRETCH WRAP 1	2.0
702	256 - DB1-SDN #1 BLOCK TRANSFER 52 READ ERROR (256)	DELIVERY BELT 1	2.0
703	2 - DP E-STOP PRESSED DUNNAGE CONSOLE (2)	DEPALLETIZER	2.0
704	2 - EC E-STOP AT CST10E5 PUSHED (2)	EMPTY CAN	2.0
705	33 - DP HOIST DOORS NOT CLOSED (33)	DEPALLETIZER	2.0
706	39 - CL DOOR SW #7 HARD WIRED/STATUS CONFLICT (39)	SEAMER	2.0
707	423 - CN CARTON FEED RAISED FAULT (423)	2/12 Packer	2.0
708	423 - PL1-E-Z3S BLOCKED TOO LONG ALARM (423)	PALLETIZER 1	2.0
709	424 - CJ TRANSFER FAULT (424)	12/12 Packer	2.0
710	424 - PL1 PALLET TINES RETRACT TO LONG WARNING (424)	PALLETIZER 1	2.0
711	430 - DP INFEED CONV #2 DWNSTRM PE BLKD PASS (430)	DEPALLETIZER	2.0
712	455 - DP DISCHARGE CNVR #2 JAM WHILE PASSING (455)	DEPALLETIZER	2.0
713	456 - DP PALLET JAMMED AT DISCH FROM HOIST (456)	DEPALLETIZER	2.0
714	484 - FY MOTOR TT10Y-2 FAULTED (484)	FILLER CONV	2.0
715	487 - DP INFEED CNVR #3 DRIVE FAULT (487)	DEPALLETIZER	2.0
716	488 - DP INFEED CNVR #4 DRIVE FAULT (488)	DEPALLETIZER	2.0
717	489 - DP INFEED CNVR #5 DRIVE FAULT (489)	DEPALLETIZER	2.0
718	489 - FC1-VSD10F-10 FAULTED (489)	FULL CAN 1	2.0
719	489 - SW2-MS10SW21-11 CONVEYOR 11 FAULT (489)	STRETCH WRAP 2	2.0
720	491 - DB3-VSD10DB3-71(VSD50DB1-51) DRIVE FAULT (491)	DELIVERY BELT 3	2.0
721	493 - RS AIR BLOWER AB10E-9 FAULTED (493)	RINSER	2.0
722	494 - SW1-MS10SW12-18 CONVEYOR 18 FAULTED (494)	STRETCH WRAP 1	2.0
723	499 - DB2-MOTOR MS-33A FAILED TO RUN (499)	DELIVERY BELT 2	2.0
724	519 - DP PALLET NOT DETECTED (519)	DEPALLETIZER	2.0
725	527 - SW2-8 TO 9 JAM DETECTED EAST EXT (527)	STRETCH WRAP 2	2.0
726	538 - AL2-MAIN ELEVATOR DOWN FAULT (538)	ALF LID DEPAL	2.0
727	547 - AL2-LID DEPAL VACUUM GENERATOR ENABLE (547)	ALF LID DEPAL	2.0
728	559 - SW1-XFER PROX SWITCH FAULT M10SW12-17 (559)	STRETCH WRAP 1	2.0
729	560 - DP RAISE SWEEP GATE TO RETRACT SWEEP (560)	DEPALLETIZER	2.0
730	562 - MP SAFE MODE SELECT AT INFEED REDIPANEL (562)	Maxim Packer	2.0
731	564 - SW2-oUTFEED EYE PE-3 IS FAULTED (564)	STRETCH WRAP 2	2.0
732	565 - SW1-LOAD POSITION EYE PE-2 DEFECTIVE (565)	STRETCH WRAP 1	2.0
733	567 - DB2-CASES JAMMED AT 10DB-43 (567)	DELIVERY BELT 2	2.0
734	567 - DP CLOSE WALLS TO RAISE HOIST (567)	DEPALLETIZER	2.0
735	569 - PL1-DISCHARGE FAILURE ALARM (569)	PALLETIZER 1	2.0
736	574 - DC2-T-CAR DROP AT DEPAL INFEED JAM (574)	WOOD OUT	2.0
737	575 - SW1-INFD AUTO SHUTDWN EYE PE-5 EYE FLT (574)	STRETCH WRAP 1	2.0
738	576 - SW1-OUTFD AUTO SHUTDWN EYE PE-6 EYE FLT (576)	STRETCH WRAP 1	2.0
739	582 - DB3-CASE COUNT EYE NO SIGNAL FAULT (582)	DELIVERY BELT 3	2.0
740	583 - AL LANE B SHUTTER LOWER MOTION (583)	ALF DEBAGGER	2.0
741	615 - AL2-VACUUM CUP L.H CYLINDER MOTION (615)	ALF LID DEPAL	2.0
742	627 - DB3-CASES JAMMED AT 10DB3-70 (627)	DELIVERY BELT 3	2.0
743	629 - PS *ZONE 6 HIGH TEMP FAULT (629)	PASTEURIZER	2.0
744	638 - MP L10 BALER L2 & L4 FAILURE (638)	Maxim Packer	2.0
745	667 - DP TO PV NO POWER (667)	DEPALLETIZER	2.0
746	671 - CL UNDERCOVER GAS LOW HIGH SPEED ALARM (671)	SEAMER	2.0
747	67 - FL HT ADJ CRD NOT IN MTR SOCKET (67)	FILLER	2.0
748	690 - DP CUTTER RETRACT JAM (690)	DEPALLETIZER	2.0
749	691 - DP HEAD NOT ROTATED NEAR CHOPPER (691)	DEPALLETIZER	2.0
750	799 - SW2-DISCHARGE BACKED UP SW (799)	STRETCH WRAP 2	2.0
751	85 - PS SPRAY PUMP 6 NOT IN AUTO @ WKS (85)	PASTEURIZER	2.0
752	96 - DC2-AC-02 NOT IN AUTO MODE (96)	WOOD OUT	2.0
753	98 - DB2-MT10DB-35 NOT IN AUTO AT CST10DB35 (98)	DELIVERY BELT 2	2.0
754	98 - FC2 TT10F-37 NOT IN AUTO EEP10F2 (98)	FULL CAN 2	2.0
755	100 - EC TT10E-6 NOT IN AUTO AT EEP10E1 (100)	EMPTY CAN	1.0
756	100 - FC1-VSD10F-6 NOT IN AUTO AT EEP10F1 (100)	FULL CAN 1	1.0
757	100 - FC2 TT10F-29 NOT IN AUTO EEP10F2 (101)	FULL CAN 2	1.0
758	101 - FC2 TT10F-30 NOT IN AUTO EEP10F2 (101)	FULL CAN 2	1.0
759	103 - DB2-MT10DB-40 NOT IN AUTO AT CST10DB40 (103)	DELIVERY BELT 2	1.0
760	103 - FC2 TT10F-32 NOT IN AUTO EEP10F2 (103)	FULL CAN 2	1.0
761	104 - FC1-VSD10F-10 NOT IN AUTO AT EEP10F1 (104)	FULL CAN 1	1.0
762	104 - RS VP10E-8 NOT IN AUTO AT EEP10E1 (104)	RINSER	1.0
763	106 - FC2 TT10F-35 NOT IN AUTO EEP10F2 (106)	FULL CAN 2	1.0
764	107 - FC2 TT10F-36 NOT IN AUTO EEP10F2 (107)	FULL CAN 2	1.0
765	10 - FC1-EEP10F1 CONTROL POWER OFF (10)	FULL CAN 1	1.0
766	116 - FC2 TT10F-29 NOT IN AUTO AT WKS (116)	FULL CAN 2	1.0
767	1170 - MP AXIS 2 DRIVE HARD FAULT FAULT (1170)	Maxim Packer	1.0
768	1171 - MP AXIS 3 DRIVE HARD FAULT FAULT (1171)	Maxim Packer	1.0
769	119 - FC1-MOTOR TT10F-2 NOT IN AUTO AT WKS (119)	FULL CAN 1	1.0
770	127 - DB2-MT10DB-44 NOT IN AUTO AT WKS (127)	DELIVERY BELT 2	1.0
771	128 - FC2 VSD10F-30 NOT IN AUTO CST10F30B (128)	FULL CAN 2	1.0
772	13 - DB1-E-STOP PRESSED AT CST10DB32A (13)	DELIVERY BELT 1	1.0
773	147 - FC1-FILTEC #1 FAULTED (147)	FULL CAN 1	1.0
774	151 - FC1-ACT10F-3 NOT IN AUTO AT EEP10F1 (151)	FULL CAN 1	1.0
775	1620 - MP AXIS 4 POSITION ERROR FAULT (1620)	Maxim Packer	1.0
776	167 - DC2-RACK 7 FAULTED (167)	WOOD OUT	1.0
777	168 - FL PLC LOST COMM FILLER/CLOSER-RACK 10 (168)	FILLER	1.0
778	16 - FY E-STOP EEP10Y1 (16)	FILLER CONV	1.0
779	18 - FY E-STOP CST10Y6 (18)	FILLER CONV	1.0
780	1 - DB2-E-STOP PRESSED AT MOTOR 39 (1)	DELIVERY BELT 2	1.0
781	1 - DC2-AC-02 AIR CHAIN E-STOP PULL CORD (1)	WOOD OUT	1.0
782	1 - EC E-STOP AT CST10E1 PUSHED (1)	EMPTY CAN	1.0
783	1 - FC1-E-STOP PRESSED AT CST10F4 (1)	FULL CAN 1	1.0
784	1 - FC2 E-STOP PRESSED AT CST10F26 (1)	FULL CAN 2	1.0
785	1 - PS E-STOP PRESSED AT INFEED CSTP1 (1)	PASTEURIZER	1.0
786	23 - DB3-E-STOP PRESSED AT CST10DB3-3 (23)	DELIVERY BELT 3	1.0
787	241 - DB2-SDN #1 BLOCK XFER 62 WRITE FAULT (241)	DELIVERY BELT 2	1.0
788	245 - PS *BLOCK XFER ERR AN OUT 1771-OFE 0/2/0 (245)	PASTEURIZER	1.0
789	24 - DB3-E-STOP PRESSED AT CST10DB3-4 (24)	DELIVERY BELT 3	1.0
790	25 - DB3-E-STOP PRESSED AT CST10DB3-5 (25)	DELIVERY BELT 3	1.0
791	2 - DC2-AC-04 AIR CHAIN E-STOP PULL CORD (2)	WOOD OUT	1.0
792	2 - FC1-E-STOP PRESSED AT CST10F9 (2)	FULL CAN 1	1.0
793	33 - SW1-SAFETY GATE #1 OPEN LS1 (33)	STRETCH WRAP 1	1.0
794	39 - AL DEBAGGER INFEED GUARD L.H.5 OPEN (39)	ALF DEBAGGER	1.0
795	3 - RS E-STOP AT CST10E7 PUSHED (3)	RINSER	1.0
796	418 - DB3-SDN #1 CHANNEL A DEVICE IDLE (418)	DELIVERY BELT 3	1.0
797	41 - CL DOOR SW #5R HARD WIRED/STATUS CONFLICT(41)	SEAMER	1.0
798	435 - DP INFEED CONV #7 DWNSTRM PE BLKD PASS (435)	DEPALLETIZER	1.0
799	459 - DP LOAD/UNLD CNV 2 JAM MOVING LOAD (459)	DEPALLETIZER	1.0
800	45 - AL DEBAGGER INFEED R.H.5 GUARD OPEN (45)	ALF DEBAGGER	1.0
801	465 - EC TT10E-5 CONVEYOR FAULTED (465)	EMPTY CAN	1.0
802	465 - SW1-CONVEYOR #33 FAULTED (465)	STRETCH WRAP 1	1.0
803	480 - CN VFD-1 INFEED DRIVE FAULT (480)	2/12 Packer	1.0
804	481 - FC1-VSD10F-2 FAULTED (481)	FULL CAN 1	1.0
805	482 - DB1-MT10DB-10 MOTOR FAULT (482)	DELIVERY BELT 1	1.0
806	482 - PL1-DIVIDER FREQUENCY FAULT (482)	PALLETIZER 1	1.0
807	482 - PS *SPRAY PUMP 3 FAULT (482)	PASTEURIZER	1.0
808	484 - PS *SPRAY PUMP 5 FAULT (484)	PASTEURIZER	1.0
809	486 - FC1-VSD10F-7 FAULTED (486)	FULL CAN 1	1.0
810	486 - FC2 VSD10F-31 FAULT (486)	FULL CAN 2	1.0
811	486 - SW2-MS10SW21-10 CONVEYOR 10 FAULT (486)	STRETCH WRAP 2	1.0
812	487 - FY MOTOR TT10Y-5 FAULTED (487)	FILLER CONV	1.0
813	488 - FY MOTOR TT10Y-6 FAULTED (488)	FILLER CONV	1.0
814	489 - FY MOTOR TT10Y-7 FAULTED (489)	FILLER CONV	1.0
815	491 - PS *SPRAY PUMP 10 FAULT (491)	PASTEURIZER	1.0
816	492 - DB2-MOTOR MS-45 FAILED TO RUN (492)	DELIVERY BELT 2	1.0
817	492 - SW1-MS10SW12-16 CONVEYOR 16 FAULTED (492)	STRETCH WRAP 1	1.0
818	493 - FY MOTOR TT10Y-11 FAULTED (493)	FILLER CONV	1.0
819	494 - DB1-MT10DB-22 MOTOR FAULT (494)	DELIVERY BELT 1	1.0
820	494 - FY MOTOR TT10Y-12 FAULTED (494)	FILLER CONV	1.0
821	497 - DP CHOPPER DRIVE FAULTED (497)	DEPALLETIZER	1.0
822	499 - PS *UPR BELT BED SHAFT NOT ROTATING (499)	PASTEURIZER	1.0
823	4 - FC1-E-STOP PRESSED AT CST10F20 (4)	FULL CAN 1	1.0
824	501 - DB1-MT10DB-29 MOTOR FAULT (501)	DELIVERY BELT 1	1.0
825	503 - DB2-MOTOR MS-34 VSD DRIVE FAULTED (503)	DELIVERY BELT 2	1.0
826	504 - DB1-MT10DB-32 MOTOR FAULT (504)	DELIVERY BELT 1	1.0
827	506 - DB2-MOTOR MS-51 VSD DRIVE FAULTED (506)	DELIVERY BELT 2	1.0
828	512 - PS *HE45P-5 PUMP FAULT (512)	PASTEURIZER	1.0
829	514 - PS *HE45P-7 PUMP FAULT (514)	PASTEURIZER	1.0
830	514 - SW1-5 TO 6 JAM DETECTED (514)	STRETCH WRAP 1	1.0
831	514 - SW2-5 TO 6 JAM DETECTED (514)	STRETCH WRAP 2	1.0
832	517 - DB2-CONV DS-38 DISCONNECT SWITCH OPEN (517)	DELIVERY BELT 2	1.0
833	518 - DB2-CONV DS-39 DISCONNECT SWITCH OPEN (518)	DELIVERY BELT 2	1.0
834	519 - DB2-CONV DS-40 DISCONNECT SWITCH OPEN (519)	DELIVERY BELT 2	1.0
835	520 - DB2-CONV DS-41 DISCONNECT SWITCH OPEN (520)	DELIVERY BELT 2	1.0
836	521 - DB2-CONV DS-42 DISCONNECT SWITCH OPEN (521)	DELIVERY BELT 2	1.0
837	523 - DB2-CONV DS-44 DISCONNECT SWITCH OPEN (523)	DELIVERY BELT 2	1.0
838	525 - SW1-16 TO 17 JAM DETECTED (525)	STRETCH WRAP 1	1.0
839	527 - SW1-18 TO 19A JAM DETECTED (527)	STRETCH WRAP 1	1.0
840	528 - DB2-CONV DS-49 DISCONNECT SWITCH OPEN (528)	DELIVERY BELT 2	1.0
841	528 - DP FRAME CARRIAGE JAM WHILE RETRACTING (528)	DEPALLETIZER	1.0
842	530 - DP FRAME DID NOT DROP INTO FRAME BIN (530)	DEPALLETIZER	1.0
843	530 - SW2-11 TO 12A JAM DETECTED EAST EXT (530)	STRETCH WRAP 2	1.0
844	532 - SW2-12B TO 13 JAM DETECTED EAST EXT (532)	STRETCH WRAP 2	1.0
845	535 - SW2-15 TO 16 JAM DETECTED (535)	STRETCH WRAP 2	1.0
846	536 - SW2-16 TO 17 JAM DETECTED (536)	STRETCH WRAP 2	1.0
847	539 - AL2-PARTIAL PALLET CONVEYOR FAULT (539)	ALF LID DEPAL	1.0
848	539 - SW2-19 TO 20 JAM DETECTED (539)	STRETCH WRAP 2	1.0
849	53 - MP GUARD DOOR 17 OPEN (53)	Maxim Packer	1.0
850	541 - AL2-INSIDE MAGAZINE CONVEYOR FAULT (541)	ALF LID DEPAL	1.0
851	541 - DP SHEET HOIST RAISED W/O PALLET (541)	DEPALLETIZER	1.0
852	544 - SW1-19A TO 19B JAM DETECTED (544)	STRETCH WRAP 1	1.0
853	555 - SW1-CST10SW14-30 NOT IN AUTO (555)	STRETCH WRAP 1	1.0
854	558 - SW2-XFER PROX SWITCH FLT M10SW21-8 (558)	STRETCH WRAP 2	1.0
855	560 - AL BAG REMOVAL NOT COMPLETE FAULT (560)	ALF DEBAGGER	1.0
856	563 - PS LOAD CELL EAST UPR DECK LOW LOAD FLT (563)	PASTEURIZER	1.0
857	564 - PL2-HOIST LOWERED TOO LONG ALARM (564)	PALLETIZER 2	1.0
858	567 - SW1-LOW LOAD DETECTION EYE PE-8 DEFECTVE (567)	STRETCH WRAP 1	1.0
859	569 - DP OPEN HOIST WALLS TO RUN INFD CNVR #1 (569)	DEPALLETIZER	1.0
860	576 - DC2-T-CAR DROP AT WOODOUT JAM (576)	WOOD OUT	1.0
861	577 - SW2-CARRIAGE FAULT OPEN (577)	STRETCH WRAP 2	1.0
862	580 - DB3-CASE COUNT EYE EE10DB3-61-B DEVIATION(580)	DELIVERY BELT 3	1.0
863	582 - MP DIVERTER LOW AIR PRESSURE (582)	Maxim Packer	1.0
864	586 - DP SWP OR SHT CARR NOT IN POS FOR PRGE (586)	DEPALLETIZER	1.0
865	587 - DP PURGE SHT TO EXTEND SWEEP (587)	DEPALLETIZER	1.0
866	591 - AL1-DEBAGGER BAG TRANSFER #4 CONV JAM (591)	ALF CONVEYOR	1.0
867	592 - FL BEER BRAND MISMATCH (592)	FILLER	1.0
868	592 - PL1-PX-HB2 FAILED OR IS OUT OF POSITION (592)	PALLETIZER 1	1.0
869	594 - SW1-VFD-4 DRIVE FAULT (594)	STRETCH WRAP 1	1.0
870	5 - RS E-STOP AT CST10ER PUSHED (5)	RINSER	1.0
871	601 - AL1-DEBAGGER BAG TRANSFER #6 CONV JAM (601)	ALF CONVEYOR	1.0
872	610 - AL2-EMPTY PALLET MAGAZINE CYCLE FAULT (610)	ALF LID DEPAL	1.0
873	616 - AL2-VACUUM CUP R.H CYLINDER MOTION (616)	ALF LID DEPAL	1.0
874	621 - BP BALLING ABOVE UPPER LIMIT ALARM (621)	BEER PIPE	1.0
875	622 - BP BALLING BELOW LOWER LIMIT ALARM (622)	BEER PIPE	1.0
876	625 - DB3-CASES JAMMED AT 10DB3-72 (625)	DELIVERY BELT 3	1.0
877	629 - MP GLUE HEAD MISALIGNED SOUTH/EAST (629)	Maxim Packer	1.0
878	631 - MP GLUE HEAD MISALIGNED SOUTH/WEST (631)	Maxim Packer	1.0
879	64 - FL FILLER IN SAFE MODE (64)	FILLER	1.0
880	656 - CL CAM OFF SEAM LS PANELVIEW ALARM (656)	SEAMER	1.0
881	660 - CL TRANSFER FEED CHAIN LS PNLVW ALM (660)	SEAMER	1.0
882	662 - DP TO PV DOOR 4 OPEN (662)	DEPALLETIZER	1.0
883	663 - CL SERVICE DOOR OPEN, LID FEED SIDE (663)	SEAMER	1.0
884	665 - DP TO PV DOOR 7 OPEN (665)	DEPALLETIZER	1.0
885	672 - PS *HE45P-5 PRESSURE FAULT (672)	PASTEURIZER	1.0
886	680 - DP TO PV REV OVER-TRAVEL X-AXIS (680)	DEPALLETIZER	1.0
887	683 - DP CLAMPS JAM (683)	DEPALLETIZER	1.0
888	687 - DP RAISE CUTTER/CLAMP JAM (687)	DEPALLETIZER	1.0
889	693 - DP Y-AXIS JAM (693)	DEPALLETIZER	1.0
890	6 - MP PHS-E-STOP AT MP3_CST1 (6)	Maxim Packer	1.0
891	6 - RS E-STOP AT CST10E12 PUSHED (6)	RINSER	1.0
892	701 - CL N2 XV4 EAST PRESS VLV FAILED TO CLOSE(701)	SEAMER	1.0
893	704 - AL3-LID GAP AT LANE A FILLER VEE TRAY (704)	ALF V-TRAY	1.0
894	704 - MP AXIS4 OVERHEAD SQ SERVO FAULT (704)	Maxim Packer	1.0
895	753 - MP JOG MODE SELECT AT INFEED REDIPANEL (753)	Maxim Packer	1.0
896	75 - FL COUNTER PRESS. CAM NOT IN AUTO (75)	FILLER	1.0
897	880 - MP AXIS5 CARTON FEED DRIVE FAULTED (880)	Maxim Packer	1.0
898	8 - DB1-E-STOP PRESSED AT CST10DB18 (8)	DELIVERY BELT 1	1.0
899	8 - MP PHS-E-STOP AT MP3_CST3 (8)	Maxim Packer	1.0
900	97 - DB1-MT10DB-4 STOPPED BUT AUX CONTACT CLOSED(97)	DELIVERY BELT 1	1.0
901	98 - DC2-AC-06 NOT IN AUTO MODE (98)	WOOD OUT	1.0
902	98 - FC1-VSD10F-4 NOT IN AUTO AT EEP10F1 (98)	FULL CAN 1	1.0
